-- phpMyAdmin SQL Dump
-- version 4.4.15.5
-- http://www.phpmyadmin.net
--
-- Хост: 127.0.0.1:3306
-- Время создания: Сен 28 2017 г., 07:13
-- Версия сервера: 5.5.48
-- Версия PHP: 5.6.19

SET SQL_MODE = "NO_AUTO_VALUE_ON_ZERO";
SET time_zone = "+00:00";


/*!40101 SET @OLD_CHARACTER_SET_CLIENT=@@CHARACTER_SET_CLIENT */;
/*!40101 SET @OLD_CHARACTER_SET_RESULTS=@@CHARACTER_SET_RESULTS */;
/*!40101 SET @OLD_COLLATION_CONNECTION=@@COLLATION_CONNECTION */;
/*!40101 SET NAMES utf8mb4 */;

--
-- База данных: `hibernate`
--

-- --------------------------------------------------------

--
-- Структура таблицы `sertif`
--

CREATE TABLE IF NOT EXISTS `sertif` (
  `ID` int(11) NOT NULL,
  `DATE_END` date DEFAULT NULL,
  `DATEADD` date DEFAULT NULL,
  `N_SERT` varchar(255) COLLATE utf8_bin DEFAULT NULL,
  `REG_NUM` varchar(255) COLLATE utf8_bin DEFAULT NULL,
  `IDDOKT` int(11) DEFAULT NULL,
  `PRVS` smallint(6) DEFAULT NULL
) ENGINE=InnoDB AUTO_INCREMENT=761 DEFAULT CHARSET=utf8 COLLATE=utf8_bin;

--
-- Дамп данных таблицы `sertif`
--

INSERT INTO `sertif` (`ID`, `DATE_END`, `DATEADD`, `N_SERT`, `REG_NUM`, `IDDOKT`, `PRVS`) VALUES
(1, '2016-07-29', NULL, ' 001106', '10-в-891', 840274, 16),
(2, '2010-06-21', NULL, ' 001602', '371', 840011, 206),
(3, '2016-08-27', NULL, ' 009886', '10-в-1247', 840140, 8),
(4, '2016-06-29', NULL, ' 010105', '10-В-892', 840279, 8),
(5, '2017-06-15', NULL, ' 010966', '10-В-911', 840250, 3),
(6, '2017-05-04', NULL, ' 011804', '10.в-742', 840106, 19),
(7, '2017-05-11', NULL, ' 011896', '10-в-772', 840141, 44),
(8, '2016-07-29', NULL, ' 011904', '10-в-897', 840273, 171),
(9, '2013-06-13', NULL, ' 015530', '05-В-0722', 840102, 15),
(10, '2016-05-27', NULL, ' 019049', '10-в-439', 840021, 17),
(11, '2016-03-25', NULL, ' 019611', '10-в-233', 840028, 8),
(12, '2015-01-21', NULL, ' 019763', '10-в-027', 840022, 9),
(13, '2015-10-15', NULL, ' 020201', '10-в-1218', 840072, 14),
(14, '2015-10-22', NULL, ' 020297', '10-в-1265', 840079, 8),
(15, '2015-11-01', NULL, 'А № 4251290', '46486', 840002, 9),
(16, '2017-08-03', NULL, ' 042902', '10-В-1775', 840280, 8),
(17, '2014-05-04', NULL, ' 113771', '10-в-318', 840035, 33),
(18, '2014-10-10', NULL, 'РМА № 166007', '2Ц-1-49164', 840139, 8),
(19, '2017-03-29', '2017-03-28', ' 020072', 'ОБ-в-0523', 840265, 28),
(20, '2016-09-26', NULL, ' 301-0', '14-В-0010', 840271, 3),
(21, '2018-07-27', NULL, '072781', '06-в-0870', 840298, 14),
(22, '2018-07-19', NULL, '10-В-886', NULL, 840297, 30),
(23, '2017-06-04', NULL, 'б/н', '14-В-0042', 840296, 118),
(24, '2015-03-25', NULL, '166045', '№14В0045', 840275, 118),
(29, '2020-12-05', '2015-12-21', '0377060171547', '2Ц-40-114732', 840153, 19),
(30, '2020-06-26', '2015-08-24', '0378140007662', '630', 840150, 283),
(31, '2020-06-26', '2015-08-24', '0378140007661', '629', 840351, 283),
(32, '2020-06-26', '2015-08-24', '0378140007659', '627', 840342, 283),
(33, '2020-06-26', '2015-08-24', '0378140007657', '625', 840340, 283),
(34, '2020-06-26', '2015-08-24', '0378140007658', '626', 840367, 283),
(35, '2020-05-19', '2015-06-26', '0377140008816', '8517', 840017, 27),
(36, '2020-05-19', '2015-06-26', '0377140008815', '8516', 840012, 27),
(37, '2020-10-10', '2015-11-26', '0377270000018', '9190', 840195, 10),
(38, '2020-05-06', '2015-07-09', '0377140008100', '7805', 840191, 8),
(39, '2020-05-06', '2015-07-09', '0377140008111', '7816', 840096, 8),
(44, '2013-11-05', NULL, '083669', '№ 10- В- 1246', 840294, 8),
(45, '2017-02-17', NULL, 'б/н', '№ 10 - В - 040', 840037, 24),
(46, '2017-08-17', NULL, '№ 10-В-1942', '-', 840293, 14),
(47, '2017-09-28', NULL, '№ 10-В-2244', '-', 840288, 22),
(48, '2017-10-11', NULL, '№ 10-В-2332', '-', 840282, 3),
(49, '2018-02-15', NULL, '079975', '10-в-159', 840285, 28),
(50, '2017-07-19', NULL, 'б\\н', '№ 10-В-1616', 840281, 27),
(51, '2017-12-29', NULL, '№10-В-2668', '-', 840286, 27),
(52, '2013-12-24', NULL, 'А  №491571', NULL, 840092, 30),
(53, '2017-04-07', NULL, 'А  1167490', '14842', 840262, 13),
(54, '2016-10-15', NULL, 'А  1662914', '18694', 840089, 22),
(55, '2014-06-15', NULL, 'А  2018521', '22228', 840225, 3),
(56, '2014-06-30', NULL, 'А  3835576', '2871', 840222, 186),
(57, '2015-07-01', NULL, 'А  4057580', '1463', 840207, 27),
(58, '2016-01-31', NULL, 'А  4209392', '01', 840239, 24),
(59, '2014-06-20', NULL, 'А 0694607', '69', 840019, 20),
(60, '2017-09-29', NULL, 'А 0892883', 'Ц-1-63841', 840129, 8),
(61, '2015-11-01', NULL, 'А 166698', '4368', 840154, 30),
(62, '2012-06-25', NULL, 'А 1675664', '17878', 840068, 33),
(63, '2014-06-20', NULL, 'А 1786154', '1513', 840104, 13),
(64, '2013-06-02', NULL, 'А 1786337', '1807', 840234, 36),
(65, '2016-10-29', NULL, 'РМА 185844', '2Ц-40-63015', 840153, 19),
(66, '2013-03-29', NULL, 'А 2002406', '19143', 840214, 13),
(67, '2013-03-29', NULL, 'А 2002408', '19145', 840143, 13),
(68, '2014-06-15', NULL, 'А 2018520', '22229', 840254, 3),
(69, '2009-05-05', NULL, 'А 2018990', NULL, 840004, 9),
(70, '2014-06-15', NULL, 'А 2099503', '3598/1244', 840278, 3),
(71, '2013-09-26', NULL, 'А 2099709', '4801/41', 840133, 10),
(72, '2014-12-29', NULL, 'А 2402099', '4274/1921', 840089, 35),
(73, '2014-11-16', NULL, 'А 2440027', 'Ц-25-46-384', 840128, 13),
(74, '2015-04-30', NULL, 'А 2457610', '27519', 840150, 8),
(75, '2015-11-01', NULL, 'А 2475483', '25121', 840007, 30),
(76, '2015-06-08', NULL, 'А 2493106', '23386', 840006, 27),
(77, '2013-11-01', NULL, 'А 2493175', '23337', 840115, 27),
(78, '2015-06-08', NULL, 'А 2493177', '23339', 840101, 27),
(79, '2015-06-08', NULL, 'А 2493195', '23330', 840212, 27),
(80, '2015-06-08', NULL, 'А 2493196', '23331', 840156, 27),
(81, '2015-06-08', NULL, 'А 2493198', '23333', 840189, 27),
(82, '2016-06-18', NULL, 'А 2573886', '3169', 840122, 10),
(83, '2016-06-18', NULL, 'А 2577020', '3872', 840167, 24),
(84, '2016-11-10', NULL, 'А 2577343', '4293', 840127, 13),
(85, '2015-11-01', NULL, 'А 2577380', '4334', 840121, 30),
(86, '2016-06-04', NULL, 'А 2586539', '5035', 840245, 36),
(87, '2010-03-03', NULL, 'А 2742529', '450', 840252, 18),
(88, '2015-11-01', NULL, 'А 2742995', '913', 840091, 30),
(89, '2019-10-27', '2014-11-18', '632400968283', '2214', 840105, 42),
(90, '2020-03-14', '2015-03-20', '0377140006231', '6943', 840150, 8),
(91, '2019-10-18', NULL, '0377140006780', '5008', 840145, 8),
(92, '2019-10-18', NULL, '0377140006775', '5005', 840058, 8),
(93, '2019-10-18', NULL, '0377140006779', '5007', 840139, 8),
(94, '2015-12-25', NULL, 'А № 228026', '1011', 840372, 27),
(95, '2020-11-01', '2015-12-18', '0377270001063', '10231', 840022, 9),
(96, '2020-11-01', '2015-12-18', '0377270001062', '10230', 840014, 9),
(97, '2020-11-01', '2015-12-18', '0377270001058', '10226', 840004, 9),
(98, '2020-11-01', '2015-12-18', '0377270001061', '10229', 840018, 9),
(99, '2020-11-01', '2015-12-18', '0377270001065', '10233', 840173, 9),
(100, '2020-11-01', '2015-12-18', '0377270001031', '10199', 840287, 30),
(101, '2020-11-01', '2015-12-18', '0377270001039', '10207', 840171, 30),
(102, '2020-11-01', '2015-12-18', '0377270001037', '102005', 840094, 30),
(103, '2019-04-26', '2016-01-22', '0377140004575', '3400', 840062, 18),
(104, '2020-11-01', '2015-12-18', '0377270001040', '10208', 840183, 30),
(105, '2020-06-26', '2015-08-24', '0378140007656', '624', 840339, 283),
(106, '2020-06-26', '2015-08-24', '0378140007655', '623', 840338, 283),
(107, '2020-06-26', '2015-08-24', '0378140007654', '622', 840337, 283),
(108, '2020-06-26', '2015-08-24', '0378140007652', '620', 840366, 283),
(109, '2020-06-26', '2015-08-24', '0378140007651', '619', 840331, 283),
(110, '2020-06-26', '2015-08-24', '03781140007650', '618', 840326, 283),
(111, '2020-06-10', '2015-06-17', '0377060165696', '2Ц-73-108474', 840188, 145),
(112, '2019-07-18', NULL, NULL, 'KZ63VBM00116565', 840019, 20),
(113, '2020-04-14', '2016-01-22', NULL, 'KZ15VBM0032886', 840126, 14),
(114, '2020-06-19', '2016-01-18', '01432405868885', '9', 840377, 171),
(115, '2020-12-22', '2016-01-15', '0377270001704', '10866', 840247, 17),
(116, '2020-09-11', '2016-01-11', NULL, 'KZ00VBM00384352', 840011, 28),
(117, '2020-12-08', '2015-12-30', NULL, 'KZ74VBM00412023', 840238, 83),
(118, '2020-11-01', '2015-12-18', '0377270001060', '10228', 840013, 9),
(119, '2020-11-01', '2015-12-18', '0377270001057', '10225', 840002, 9),
(120, '2020-11-01', '2015-12-18', '0377270001064', '10232', 840095, 9),
(121, '2020-11-01', '2015-12-18', '0377270001032', '10200', 840007, 30),
(122, '2020-11-01', '2015-12-18', '0377270001042', '10210', 840197, 30),
(123, '2020-11-01', '2015-12-18', '0377270001041', '10203', 840188, 30),
(124, '2020-11-01', '2015-12-18', '0377270001036', '10204', 840091, 30),
(125, '2020-11-01', '2015-12-18', '0377270001034', '10202', 840020, 30),
(126, '2020-11-01', '2014-12-18', '0377270001033', '10201', 840011, 30),
(127, '2020-11-01', '2015-12-18', '0377270001035', '10203', 840230, 30),
(128, '2020-11-01', '2015-12-18', '0377270001059', '10227', 840369, 9),
(129, '2020-11-02', '2015-12-11', '0377180376969', '4843/15', 840283, 34),
(130, '2016-06-16', '2015-12-07', '0668959', '00080', 840358, 283),
(131, '2020-08-31', '2015-11-25', '0278180324734', '1383', 840378, 151),
(132, '2020-07-09', '2015-11-09', '0377060167391', '2Ц-77-110183', 840121, 30),
(133, '2020-10-31', '2015-11-09', '0377060169449', '2Ц-61-112684', 840161, 174),
(134, '2020-12-26', '2016-01-19', '0377270001586', '10749', 840199, 14),
(135, '2020-10-28', '2015-11-06', '0377060169196', '2Ц-6-112430', 840050, 79),
(136, '2020-10-07', '2015-10-29', '017804 0007371', '47600', 840023, 35),
(137, '2020-10-24', '2015-10-29', '0377270000323', '9494', 840081, 8),
(138, '2020-10-24', '2015-10-29', '0377270000322', '9493', 840079, 8),
(139, '2020-10-03', '2015-10-08', '0377140009370', '9043', 840183, 38),
(140, '2020-06-26', '2015-08-24', '0378140007667', '635', 840362, 283),
(141, '2020-06-26', '2015-08-24', '0378140007666', '634', 840357, 283),
(142, '2020-06-26', '2015-08-24', '03781400007665', '633', 840356, 283),
(143, '2020-06-26', '2015-08-24', '0378140007664', '632', 840355, 283),
(144, '2020-06-26', '2015-08-24', '0378140007663', '631', 840354, 283),
(145, '2020-06-26', '2015-08-24', '0378140007660', '628', 840344, 283),
(146, '2019-03-30', '2016-01-22', 'А №2243101', '213/14', 840116, 18),
(147, '2020-06-26', '2015-08-24', '0378140007649', '617', 840324, 283),
(148, '2020-05-19', '2015-06-26', '0377140008814', '8515', 840009, 27),
(149, '2017-04-28', NULL, 'А 3073637', '23221', 840190, 18),
(150, '2018-12-10', NULL, 'б/н', 'КZ11VBM00025545', 840156, 33),
(151, '2015-07-21', NULL, 'А № 3621366', '45839', 840148, 27),
(152, '2015-12-25', NULL, 'А № 4251277', '46497', 840230, 36),
(153, '2014-06-15', NULL, 'А № 2018511', '22222', 840226, 3),
(155, '2017-04-28', NULL, 'А № 3073640', '23224', 840227, 18),
(156, '2016-10-08', NULL, 'А №2872621', '28909', 840201, 34),
(157, '2017-12-25', NULL, 'РМА №199643', 'ИН-23-23706', 840205, 32),
(158, '2018-06-05', NULL, 'А №4399943', '4553', 840252, 18),
(159, '2020-06-29', '2015-07-03', '0377140009056', '8755', 840264, 38),
(160, '2020-06-22', '2015-06-26', '0377140008880', '8580', 840272, 8),
(161, '2020-05-19', '2015-06-26', '0377140008838', '8539', 840219, 27),
(162, '2020-05-19', '2015-06-26', '0377140008837', '8538', 840212, 27),
(163, '2020-05-19', '2015-06-26', '0377140008836', '8537', 840204, 27),
(164, '2020-05-19', '2015-06-26', '0377140008835', '8536', 840186, 27),
(165, '2020-05-19', '2015-06-26', '0377140008834', '8535', 840281, 27),
(166, '2020-05-19', '2015-06-26', '0377140008833', '8534', 840274, 27),
(167, '2020-05-19', '2015-06-26', '0377140008832', '8533', 840165, 27),
(168, '2020-05-19', '2015-06-26', '0377140008831', '8532', 840158, 27),
(169, '2020-05-19', '2015-06-26', '0377140008830', '8531', 840148, 27),
(170, '2020-05-19', '2015-06-26', '0377140008829', '8530', 840296, 27),
(171, '2020-05-19', '2015-06-26', '0377140008828', '8529', 840374, 27),
(172, '2020-05-19', '2015-06-26', '0377140008827', '8528', 840247, 27),
(173, '2020-05-19', '2015-06-26', '0377140008826', '8527', 840109, 27),
(174, '2020-05-19', '2015-06-26', '0377140008825', '8526', 840108, 27),
(175, '2020-05-19', '2015-06-26', '0377140008823', '8524', 840059, 27),
(176, '2020-05-19', '2015-06-26', '0377140008822', '8523', 840050, 27),
(177, '2020-05-19', '2015-06-26', '0377140008821', '8522', 840048, 27),
(178, '2020-05-19', '2015-06-26', '0377140008820', '8521', 840045, 27),
(179, '2020-05-19', '2015-06-26', '0377140008819', '8520', 840036, 27),
(180, '2020-05-19', '2015-06-26', '0377140008818', '8519', 840286, 27),
(181, '2020-05-19', '2015-06-26', '0377140008817', '8518', 840301, 27),
(182, '2020-05-19', '2015-06-26', '0377140008813', '8514', 840008, 27),
(183, '2020-05-19', '2015-06-26', '0377140008812', '8513', 840006, 27),
(184, '2020-05-19', '2015-06-26', '0377140008811', '8512', 840001, 27),
(185, '2020-06-08', '2015-06-17', '0377140008731', '8432', 840277, 14),
(186, '2020-06-08', '2015-06-15', '0377140008622', '8323', 840030, 10),
(187, '2020-05-05', '2015-06-15', '0377140008150', '7855', 840230, 36),
(188, '2020-03-31', '2015-04-24', '0377140006401', '7111', 840144, 34),
(189, '2020-04-07', '2015-04-21', '037760180324', '2Ц-78-103154', 840217, 50),
(190, '2020-04-11', '2015-04-20', '0377140007549', '7258', 840080, 24),
(191, '2016-12-26', '2015-04-06', 'А№4421372', '-', 840257, 23),
(192, '2020-02-28', '2015-03-05', '0377140006058', '6770', 840260, 38),
(193, '2014-12-26', '2015-02-18', 'A 2493199', '23335', 840065, 27),
(194, '2019-10-04', '2015-02-18', '0377140006616', '4849', 840065, 27),
(196, '2020-02-14', '2015-02-18', '0377140004378', '6590', 840268, 32),
(197, '2019-10-23', '2015-02-11', NULL, 'KZ51VBM00167900', 840376, 171),
(198, '2019-12-25', '2015-01-28', '0377180149029', '3269/14', 840375, 27),
(199, '2019-10-17', '2015-01-23', NULL, 'KZ83VBM00165772', 840141, 30),
(200, '2019-11-28', '2015-01-20', '0377060098959', '2Ц-32-97250', 840049, 14),
(201, '2019-12-06', '2014-12-31', '0377140002318', '6036', 840202, 175),
(202, '2015-10-04', NULL, 'А № 4362019', '3535', 840354, 206),
(203, '2018-08-02', NULL, '№140', '10-В-1021', 840369, 30),
(204, '2016-03-18', NULL, 'А №3438483', '2440', 840085, 29),
(205, '2017-09-21', NULL, 'б/н', '№ 10-В-2173', 840307, 23),
(206, '2015-09-24', NULL, '№ 157989', '10-В-1134', 840307, 124),
(207, '2014-11-18', NULL, 'А № 0864853', 'ИН-1-17126', 840032, 8),
(208, '2018-04-13', NULL, 'РМА №202373', '2Ц-77-75810', 840217, 30),
(209, '2018-11-04', NULL, 'б/н', 'KZ 86VBM00014689', 840210, 174),
(210, '2016-10-15', NULL, 'А №4249173', '47654', 840172, 22),
(211, '2018-06-08', NULL, 'А №4399653', '4562', 840156, 118),
(212, '2015-04-15', NULL, 'А 4039161', NULL, 840144, 34),
(213, '2016-04-30', NULL, 'А №3073624', '23208', 840132, 18),
(214, '2019-12-27', '2014-12-31', 'KZ83VBM00192350', NULL, 840184, 33),
(215, '2019-12-31', '2014-12-31', '0377180149304', '3545/14', 840041, 33),
(216, '2019-12-25', '2014-12-31', '0377180149015', '3255/14', 840148, 118),
(217, '2019-04-25', '2014-12-02', NULL, 'KZ17VBM00084413', 840374, 27),
(218, '2019-11-01', '2014-11-10', '0377060097584', '2Ц-64-96099', 840193, 177),
(219, '2019-11-01', '2014-11-10', '0377060097735', '2Ц-25-96240', 840104, 13),
(220, '2018-09-18', '2014-11-05', '                   б/н   ', 'KZ42VBM00007236', 840032, 8),
(221, '2019-07-16', NULL, 'б/н   ', 'KZ19VBM00113962', 840373, 283),
(222, '2016-06-16', NULL, '0668963', '00084', 840327, 283),
(223, '2019-09-05', NULL, '0161180163404', '810/14', 840371, 14),
(224, '2018-12-22', NULL, '0377140003694', '2133', 840282, 171),
(225, '2015-06-12', NULL, 'ИУВ № 041895', '14-В-0042', 840264, 38),
(226, '2015-08-21', NULL, 'ИУВ № 042153', '42153', 840260, 38),
(227, '2014-09-28', NULL, 'РМА № 165879', '2Ц-67-49095', 840260, 27),
(228, '2018-04-06', NULL, 'А № 3458276', '33778', 840259, 13),
(229, '2017-04-28', NULL, 'А № 3073622', '23206', 840229, 18),
(230, '2017-06-23', NULL, 'АК №0000526', '26174', 840232, 18),
(231, '2018-10-19', NULL, '0377140001062', '448', 840062, 8),
(232, '2014-09-19', NULL, 'А № 3620873', '39082', 840062, 18),
(233, '2016-12-15', NULL, 'А № 4797740', '3389', 840207, 124),
(234, '2016-12-22', NULL, 'А №4797505', '3430', 840274, 27),
(235, '2018-04-12', NULL, '080127', '10-в-374', 840184, 15),
(236, '2018-07-08', NULL, '0377240030402', '2Ц-23-79635', 840192, 32),
(237, '2018-04-27', NULL, '0377240030874', '2Ц-76-79931', 840189, 35),
(238, '2018-07-19', NULL, 'ФС СС 001478', '369', 840189, 27),
(239, '2019-02-22', NULL, '0377140003484', '2393', 840180, 177),
(240, '2016-02-19', NULL, 'А №3073635', '23219', 840249, 18),
(241, '2019-02-12', NULL, '0178140012653', '19811', 840162, 9),
(242, '2018-04-30', NULL, 'А №2002408', 'Ц-25-70458', 840143, 13),
(244, '2019-06-06', NULL, '0378140003882', '633', 840236, 208),
(245, '2019-02-05', NULL, '0377060046072', '2Ц-46-85528', 840136, 23),
(246, '2016-10-15', NULL, 'А 2956875', '30074', 840238, 22),
(247, '2015-11-01', NULL, '1180474', '12989', 840235, 30),
(248, '2018-06-08', NULL, '0377240028781', '2Ц-80-77455', 840234, 36),
(249, '2017-11-13', NULL, 'РМА №141762', 'Ц-79-64959', 840120, 31),
(250, '2018-05-16', NULL, 'РМА №203582', 'ИН-34-24658', 840116, 15),
(251, '2016-03-18', NULL, 'А №3438475', '2432', 840239, 29),
(252, '2018-12-22', NULL, '0377140003690', '2129', 840278, 171),
(253, '2015-12-25', NULL, 'А №4251275', '46500', 840037, 27),
(254, '2017-12-22', NULL, 'А №4397510', '3435', 840045, 118),
(255, '2018-12-20', NULL, '0377140001586', '1319', 840321, 35),
(256, '2019-06-07', NULL, '0377140005842', '4128', 840094, 17),
(257, '2018-12-22', NULL, '03771400006509', '2139', 840225, 3),
(258, '2018-12-22', NULL, '0377140006512', '2143', 840254, 208),
(259, '2018-12-22', NULL, '037710006510', '2140', 840226, 208),
(260, '2016-06-16', NULL, 'А №2914552', '91', 840363, 206),
(261, '2015-12-14', NULL, 'А №4362448', '3635', 840362, 206),
(262, '2016-04-16', NULL, 'А № ', '28730', 840361, 206),
(263, '2015-03-25', NULL, 'А №4002967', '3207', 840357, 206),
(264, '2015-10-04', NULL, 'А №4362018', '3537', 840356, 206),
(265, '2016-06-16', NULL, 'А № 2872', '28728', 840352, 283),
(266, '2015-10-05', NULL, 'А №4362016', '3524', 840339, 206),
(267, '2016-06-16', NULL, 'А  №2872662', '28726', 840347, 283),
(268, '2016-06-16', NULL, 'А №0668967', '00088', 840346, 283),
(269, '2016-10-04', NULL, 'А №4362079', '3529', 840344, 206),
(270, '2016-10-03', NULL, 'А №4646482', '4022', 840341, 283),
(271, '2016-06-16', NULL, 'А №16361667', '00215', 840333, 283),
(272, '2016-09-30', NULL, 'А №4646413', '4010', 840332, 283),
(273, '2016-06-14', NULL, 'А №4244572', '47402', 840205, 25),
(274, '2016-06-14', NULL, 'А №4244571', '47401', 840320, 25),
(275, '2016-06-14', NULL, 'А № 2872803', '28745', 840319, 25),
(276, '2016-06-14', NULL, 'А №4244569', '47399', 840315, 25),
(277, '2016-06-14', NULL, 'А №2872825', '28736', 840314, 25),
(278, '2016-06-14', NULL, 'А №2872801', '28747', 840312, 25),
(279, '2018-06-14', NULL, 'А №3729376', '50691', 840310, 13),
(280, '2019-06-09', NULL, '037780147279', '1521\\14', 840085, 24),
(281, '2016-08-12', NULL, '009989', '10-в-1083', 840224, 8),
(282, '2019-04-19', NULL, '0377140002885', '3264', 840057, 9),
(283, '2018-12-22', NULL, '0377140003712', '2132', 840082, 171),
(284, '2015-10-03', NULL, 'А №4362092', '3521', 840337, 206),
(285, '2016-06-14', NULL, 'А №2872682', '28749', 840152, 25),
(286, '2019-06-21', '2014-06-26', '0377140005396', '4189', 840089, 35),
(287, '2016-06-14', NULL, 'А №2872807', '28741', 840075, 25),
(288, '2016-06-14', NULL, 'А №2872808', '28740', 840293, 25),
(289, '2016-06-14', NULL, 'А № 2872802', '28746', 840113, 25),
(300, '2016-06-14', NULL, 'А № 4244567', '47397', 840318, 25),
(301, '2016-06-14', NULL, 'А №2872686', '28748', 840313, 25),
(302, '2017-12-14', NULL, 'А №4797704', '3258', 840024, 24),
(303, '2018-10-28', NULL, '0377240089975', 'ИН-6-25448', 840017, 79),
(304, '2017-12-25', NULL, 'РМА №1991712', '20-23-73741', 840215, 32),
(305, '2018-09-28', NULL, '0056849', '1044', 840304, 30),
(306, '2018-06-24', NULL, '0178140000600', '11402', 840092, 30),
(307, '2018-05-24', NULL, '080252', '10-в-546', 840295, 20),
(308, '2019-04-19', NULL, '0377140002802', '3155', 840061, 32),
(309, '2018-12-22', NULL, '0377140006511', '2141', 840244, 208),
(310, '2018-04-13', NULL, 'А №4243332', '50239', 840178, 8),
(311, '2016-09-30', NULL, 'А №4646499', '3996', 840368, 283),
(312, '2015-10-04', NULL, 'А №4362088', '3526', 840367, 206),
(313, '2018-02-22', NULL, '0377140003699', '2138', 840271, 171),
(314, '2019-04-05', NULL, '0377140002522', '2877', 840086, 30),
(315, '2015-10-04', NULL, 'А №43622093', '3515', 840366, 206),
(316, '2016-04-16', NULL, 'А №0694703', '164', 840365, 206),
(317, '2016-10-03', NULL, 'А №4646493', '4033', 840364, 283),
(318, '2016-04-14', NULL, 'А №0668961', '00082', 840360, 206),
(319, '2016-06-16', NULL, 'А №4244564', '47395', 840359, 283),
(320, '2015-10-04', NULL, 'А №4362083', '3540', 840358, 206),
(321, '2015-10-04', NULL, 'А №4362019', '3535', 840355, 206),
(322, '2015-10-04', NULL, 'А №4362086', '3533', 840353, 206),
(323, '2015-03-25', NULL, 'А №4002979', '3186', 840351, 206),
(324, '2016-04-16', NULL, 'А №', '1755', 840350, 206),
(325, '2016-10-03', NULL, 'А №4646484', '1024', 840349, 206),
(326, '2016-06-16', NULL, 'А №2872661', '28727', 840348, 283),
(328, '2016-09-03', NULL, 'А №4646403', '4000', 840345, 283),
(329, '2015-03-25', NULL, 'А №4002978', '3196', 840343, 206),
(330, '2015-10-04', NULL, 'А №4362078', '3528', 840342, 206),
(331, '2015-10-04', NULL, 'А №4362077', '3525', 840340, 206),
(332, '2015-10-04', NULL, 'А №4362077', '3525', 840338, 206),
(333, '2016-06-16', NULL, 'А  №,0694521', '28', 840336, 283),
(334, '2016-06-16', NULL, 'А №0668968', '00089', 840335, 283),
(335, '2016-06-16', NULL, 'А №2872676', '28725', 840334, 283),
(336, '2016-06-14', NULL, 'А №0694704', '163', 840328, 283),
(337, '2016-06-16', NULL, 'А №2872677', '28724', 840329, 283),
(338, '2015-10-03', NULL, 'А № 4362023', '3514', 840331, 206),
(339, '2016-06-16', NULL, 'А № 4244566', '47393', 840330, 283),
(340, '2017-12-08', NULL, 'РМА 198952', '2Ц-40-73165', 840077, 19),
(342, '2015-10-03', NULL, 'А № 4362022', '3513', 840326, 206),
(343, '2016-06-16', NULL, 'А №2872678', '28723', 840325, 283),
(344, '2015-10-03', NULL, 'А № 4362021', '3512', 840324, 206),
(345, '2016-06-14', NULL, 'А № 4244563', '47396', 840323, 25),
(346, '2016-06-14', NULL, 'А № 2872684', '28751', 840322, 25),
(347, '2016-06-14', NULL, 'А №4244570', '43400', 840321, 25),
(348, '2016-06-14', NULL, 'А №2872805', '28743', 840317, 25),
(349, '2016-06-14', NULL, 'А №4244568', '47398', 840316, 25),
(350, '2018-06-11', NULL, '0377240091417', '2Ц-24-83-148', 840118, 118),
(351, '2018-12-04', NULL, '0377140001780', '1237', 840250, 177),
(352, '2018-12-12', NULL, '0178140025195', '3243/13', 840132, 81),
(353, '2017-07-02', NULL, 'РМА 195823', '2Ц-72-71294', 840068, 33),
(354, '2018-12-07', NULL, '0377240179202', '2Ц-53-83721', 840097, 24),
(355, '2018-08-30', NULL, 'А №3710099', '49057', 840311, 13),
(356, '2018-12-22', NULL, '0377140003696', '2135', 840146, 171),
(357, '2018-11-30', NULL, '03771400000069', '962', 840046, 27),
(358, '2018-10-19', NULL, '0377140001066', '444', 840294, 8),
(359, '2014-08-05', NULL, '№117716', '06-13-08', 840282, 176),
(360, '2018-11-23', NULL, '0377140000094', '922', 840186, 112),
(361, '2016-11-15', NULL, 'А № 4249175', '47656', 840024, 22),
(362, '2018-06-21', NULL, '0163180008009', '147', 840231, 15),
(363, '2018-02-09', NULL, 'А №3458407', 'Ц-47-66762', 840309, 97),
(364, '2016-09-28', NULL, 'А №4278044', '532', 840309, 23),
(366, '2017-04-21', NULL, 'А №3904320', '49508', 840308, 97),
(367, '2018-11-09', NULL, '0377140000314', '650', 840208, 174),
(368, '2016-06-07', NULL, 'А №491584', 'Ц-40-56448', 840196, 19),
(369, '2018-09-28', NULL, '0377140001361', '145', 840090, 20),
(370, '2017-02-17', NULL, '№ 011907', '10-В-263', 840307, 97),
(371, '2018-09-28', NULL, '0377140001374', '114', 840069, 27),
(372, '2018-11-02', NULL, '0377180072580', '428/13', 840252, 34),
(373, '2018-11-02', NULL, '0377240090756', '2Ц-72-82151', 840167, 33),
(374, '2018-09-28', NULL, '0377140001373', '115', 840115, 27),
(375, '2018-10-26', NULL, '0377140000457', '516', 840040, 30),
(376, '2018-08-31', NULL, '0176180000075', '509/13', 840306, 19),
(378, '2018-10-19', NULL, '0377140001110', '401', 840133, 10),
(379, '2018-08-31', NULL, '0156240092966', '466/13', 840305, 31),
(380, '2018-08-31', NULL, '0178140009416', '1067', 840304, 44),
(381, '2018-10-05', NULL, '0377240088825', '2Ц-53-80539', 840053, 24),
(382, '2017-12-01', NULL, 'РМА   143895', '2Ц-19-32705', 840105, 11),
(383, '2018-04-19', NULL, '080173', '10-В-457', 840102, 15),
(384, '2018-05-14', NULL, 'РМА №064674', 'ИН-32-24650', 840110, 14),
(385, '2016-06-17', NULL, 'А №3349644', NULL, 840300, 22),
(386, '2018-08-02', NULL, '10-В-1019', NULL, 840299, 30),
(387, '2016-10-07', NULL, '013361', '07-13-0201', 840303, 8),
(388, '2016-03-25', NULL, '№019613', ' 10-в-231', 840015, 3),
(389, '2018-07-28', NULL, 'А №4314765', ' 821', 840302, 32),
(390, '2018-08-27', NULL, '№6219', NULL, 840301, 27),
(391, '2017-04-28', NULL, 'А 3371154', '13123', 840112, 27),
(392, '2018-06-22', NULL, 'А 3729308', NULL, 840206, 8),
(394, '2017-03-05', NULL, 'РМА №191401', '2Ц-19-66433', 840063, 11),
(395, '2013-12-24', NULL, 'А  №491571', NULL, 840244, 30),
(396, '2017-06-16', NULL, 'А 2871894', '12472', 840218, 8),
(397, '2017-04-28', NULL, 'А 2989267', '31258', 840203, 20),
(398, '2016-08-30', NULL, 'А 4375376', '17244', 840269, 14),
(399, '2017-09-29', NULL, '3458279', NULL, 840154, 28),
(400, '2019-02-11', NULL, 'б/н', 'KZ63VBM00044882 ', 840369, 9),
(401, '2016-06-22', NULL, 'СПБ №009878', '4013', 840296, 27),
(402, '2016-06-11', NULL, 'Спб 217530', '147491', 840162, 123),
(403, '2016-06-21', NULL, 'С 0000738', '3035', 840255, 14),
(404, '2017-03-10', NULL, 'А №2956766', '29913', 840152, 20),
(405, '2017-09-29', NULL, 'РМА 196615', 'ин-34-22969', 840198, 15),
(406, '2017-06-09', NULL, 'РМА 194854', '2ц-40-70109', 840027, 19),
(407, '2017-05-22', NULL, 'РМА 194186', '2 -ц-34-69577', 840114, 15),
(409, '2015-12-18', NULL, 'РМА 176958', '2Ц-73-56915', 840188, 145),
(410, '2015-11-30', NULL, 'РМА 176337', '2Ц-6-56457', 840050, 79),
(411, '2015-11-29', NULL, 'РМА 176188', '2Ц-61-56349', 840161, 174),
(412, '2014-10-03', NULL, 'РМА 166774', 'ИН-1-17120', 840145, 8),
(414, '2014-10-03', NULL, 'РМА 166014', 'ИХ-1-16888', 840058, 8),
(415, '2014-04-27', NULL, 'РМА 162200', '2Ц-24-47564', 840118, 118),
(416, '2014-01-29', NULL, 'РМА 159884', '2Ц-46-44680', 840136, 23),
(417, '2013-11-16', NULL, 'РМА 156503', 'ЦН-6-14579', 840017, 79),
(418, '2013-10-11', NULL, 'РМА 155777', '2Ц-53-41805', 840053, 24),
(419, '2013-10-11', NULL, 'РМА 155774', '2Ц-53-41808', 840097, 24),
(420, '2018-11-20', NULL, 'РМА 153953', '2Ц-1-42842', 840026, 8),
(421, '2018-06-10', NULL, 'РМА 153731', 'ИХ-1-14120', 840098, 8),
(422, '2012-10-22', NULL, 'РМА 143895', '2Ц-19-32705', 840105, 11),
(423, '2013-10-11', NULL, 'РМА 138156', '2Ц-19-24784', 840063, 11),
(424, '2017-07-05', NULL, 'РМА 128117', 'ИН-68-7359', 840163, 3),
(425, '2016-06-18', NULL, 'РМА 122660', 'ИН-15-9314', 840101, 10),
(426, '2015-10-30', NULL, 'РМА 109333', '2Ц-15-6325', 840195, 10),
(427, '2013-06-09', NULL, 'РМА 064774', 'Ц-19-70524', 840110, 14),
(428, '2016-08-27', NULL, 'РМА 009885', '10-в-1245', 840067, 15),
(429, '2017-07-09', NULL, 'РК№178-О', '14-В-0067', 840287, 30),
(430, '2017-07-16', NULL, 'РК №038170', '-', 840284, 22),
(432, '2018-03-07', NULL, '080022', '10-в-209', 840292, 15),
(433, '2015-12-25', NULL, 'ИУВ 042704', '42704', 840183, 38),
(436, '2012-06-28', NULL, 'ИК 0005448', '614', 840015, 171),
(437, '2016-06-27', NULL, 'В 000895', '36489', 840247, 27),
(438, '2017-06-30', NULL, 'А-№3213369', '13052', 840041, 8),
(439, '2016-06-21', NULL, 'А-№2582913', '907', 840283, 34),
(440, '2016-08-31', NULL, 'А-№ 4375348', '17189', 840290, 22),
(441, '2015-06-16', NULL, 'А-№ 3621095', '45759', 840125, 22),
(442, '2016-10-15', NULL, 'А-№ 2956890', '30084', 840243, 22),
(443, '2016-10-15', NULL, 'А-№ 2956876', '-', 840258, 22),
(445, '2017-07-16', NULL, 'А-№ 2871894', '12472', 840128, 8),
(446, '2016-08-31', NULL, 'А- № 4375458', '17059', 840289, 22),
(447, '2016-06-11', NULL, 'А 631622', '1342', 840147, 20),
(448, '2015-11-01', NULL, 'А 534361', '3907', 840094, 30),
(449, '2015-11-01', NULL, 'А 491886', '66', 840197, 30),
(450, '2017-04-07', NULL, 'А 491881', '11', 840188, 30),
(451, '2015-11-01', NULL, 'А 491827', '45', 840018, 9),
(452, '2014-12-19', NULL, 'А 491817', '29', 840057, 9),
(453, '2012-06-11', NULL, 'А 491592', '43', 840027, 19),
(454, '2017-09-29', NULL, 'А 491591', '119', 840276, 10),
(456, '2010-06-07', NULL, 'А 491584', '124', 840196, 19),
(457, '2016-06-25', NULL, 'А 491580', NULL, 840131, 64),
(458, '2016-12-10', NULL, 'А 491572', '103', 840192, 10),
(459, '2016-06-20', NULL, 'А 4377964', '5874', 840231, 22),
(460, '2015-06-26', NULL, 'А 437466', '5057', 840191, 8),
(461, '2015-06-28', NULL, 'А 4320052', '34496', 840165, 27),
(462, '2017-06-18', NULL, 'А 4309707', '17461', 840227, 8),
(463, '2016-10-15', NULL, 'А 428993', '6536', 840075, 22),
(464, '2015-11-01', NULL, 'А 4251299', '46479', 840155, 30),
(465, '2015-11-01', NULL, 'А 4251297', '46477', 840034, 30),
(466, '2015-11-01', NULL, 'А 4251296', '46476', 840021, 30),
(467, '2015-11-01', NULL, 'А 4251293', '46484', 840014, 9),
(468, '2015-11-01', NULL, 'А 4251292', '46483', 840095, 9),
(469, '2015-11-01', NULL, 'А 4251291', '46482', 840220, 9),
(470, '2015-11-01', NULL, 'А 4251289', '46485', 840004, 9),
(471, '2015-12-10', NULL, 'А 4251126', '46405', 840081, 8),
(472, '2015-06-08', NULL, 'А 4251099', '46217', 840209, 27),
(473, '2016-11-23', NULL, 'А 4249346', '47782', 840230, 30),
(474, '2016-11-25', NULL, 'А 4249344', '47780', 840133, 32),
(475, '2016-12-09', NULL, 'А 4249260', '47874', 840166, 8),
(476, '2016-11-15', NULL, 'А 4249179', '47657', 840246, 22),
(478, '2016-11-15', NULL, 'А 4249174', '47665', 840240, 22),
(479, '2016-10-15', NULL, 'А 4249172', '47653', 840198, 22),
(480, '2016-10-15', NULL, 'А 4249171', '47652', 840038, 22),
(481, '2016-10-15', NULL, 'А 4249170', '47651', 840010, 22),
(482, '2016-11-15', NULL, 'А 4249169', '47649', 840237, 22),
(483, '2016-05-21', NULL, 'А 4249166', '47647', 840219, 27),
(484, '2016-10-29', NULL, 'А 4249160', '47641', 840177, 24),
(485, '2015-03-27', NULL, 'А 4246570', '45265', 840080, 24),
(486, '2016-05-28', NULL, 'А 4244952', '47102', 840013, 9),
(487, '2016-02-04', NULL, 'А 4244864', '47472', 840199, 14),
(488, '2015-12-11', NULL, 'А 4244723', '47193', 840031, 34),
(489, '2015-11-01', NULL, 'А 4244614', '46478', 840011, 30),
(490, '2015-06-08', NULL, 'А 4236557', '4357', 840217, 50),
(491, '2017-04-28', NULL, 'А 4234274', '2516', 840151, 145),
(492, '2014-07-31', NULL, 'А 4176337', '15531', 840094, 17),
(493, '2015-07-01', NULL, 'А 4057578', '1461', 840272, 8),
(494, '2009-06-25', NULL, 'А 393774', '6041', 840207, 27),
(495, '2015-06-08', NULL, 'А 393760', '6042', 840012, 27),
(496, '2015-06-08', NULL, 'А 393755', '6049', 840048, 27),
(497, '2015-06-08', NULL, 'А 393751', '6045', 840158, 27),
(498, '2014-03-02', NULL, 'А 3903250', '38440', 840086, 30),
(499, '2015-03-10', NULL, 'А 3802348', '8878', 840268, 32),
(500, '2015-06-19', NULL, 'А 3759342', '1294', 840277, 14),
(501, '2015-11-01', NULL, 'А 3720455', '46673', 840171, 30),
(502, '2016-04-22', NULL, 'А 3720325', '46778', 840051, 32),
(503, '2016-04-30', NULL, 'А 3720306', '46785', 840148, 33),
(504, '2018-02-25', NULL, 'А 3678273', 'Ц-72-67500', 840187, 33),
(505, '2014-01-22', NULL, 'А 3630470', '37320', 840250, 177),
(506, '2013-12-27', NULL, 'А 3630321', '37240', 840069, 27),
(507, '2018-03-25', NULL, 'А №2464660', '2794', 840040, 145),
(508, '2013-12-27', NULL, 'А 3630312', '37224', 840046, 27),
(509, '2014-12-26', NULL, 'А 3627981', '39769', 840169, 33),
(510, '2014-12-21', NULL, 'А 3627856', '39841', 840193, 177),
(511, '2014-12-21', NULL, 'А 3627820', '39739', 840202, 175),
(512, '2014-12-26', NULL, 'А 3627767', '39857', 840049, 14),
(513, '2016-11-26', NULL, 'А 3621761', '47830', 840174, 20),
(514, '2017-04-07', NULL, 'А 3621727', '48485', 840183, 30),
(515, '2015-06-08', NULL, 'А 3621365', '45840', 840108, 27),
(516, '2015-06-08', NULL, 'А 3621364', '45841', 840045, 27),
(517, '2015-06-26', NULL, 'А 3621077', '45793', 840030, 10),
(518, '2015-06-25', NULL, 'А 3621022', '45807/45806', 840096, 8),
(520, '2014-06-15', NULL, 'А 3620805', '39003', 840146, 3),
(521, '2014-06-15', NULL, 'А 3620804', '39004', 840210, 3),
(522, '2014-06-27', NULL, 'А 3620781', '38985', 840085, 24),
(523, '2013-04-26', NULL, 'А 3569458', '35336', 840189, 33),
(524, '2014-06-15', NULL, 'А 3561308', '39275', 840082, 3),
(525, '2014-06-15', NULL, 'А 3561307', '39274', 840208, 3),
(526, '2013-10-29', NULL, 'А 3479324', '1374', 840090, 20),
(527, '2018-01-12', NULL, 'А 3468941', '34144', 840202, 177),
(528, '2012-12-27', NULL, 'А 3458368', '34121', 840077, 19),
(529, '2013-10-11', NULL, 'А 341957', '949', 840062, 8),
(530, '2015-07-01', NULL, 'А 3161058', '254', 840267, 19),
(531, '2015-06-08', NULL, 'А 2994850', '30880', 840008, 27),
(533, '2015-06-08', NULL, 'А 2994848', '30878', 840109, 27),
(534, '2015-06-08', NULL, 'А 2994843', '30873', 840186, 27),
(535, '2015-06-08', NULL, 'А 2994838', '30888', 840036, 27),
(536, '2015-06-08', NULL, 'А 2994837', '30887', 840059, 27),
(537, '2015-06-08', NULL, 'А 2994835', '30885', 840001, 27),
(538, '2015-06-08', NULL, 'А 2994834', '30884', 840204, 27),
(539, '2015-06-08', NULL, 'А 2994833', '30883', 840135, 27),
(540, '2015-06-08', NULL, 'А 2994829', '30869', 840118, 27),
(541, '2015-06-08', NULL, 'А 2994827', '30881', 840009, 27),
(542, '2017-03-31', NULL, 'А 2994562', '30481', 840025, 14),
(543, '2017-04-07', NULL, 'А 2989320', '31348', 840033, 151),
(544, '2015-06-08', NULL, 'А 2989212', '31289', 840050, 27),
(545, '2015-06-08', NULL, 'А 2989210', '31291', 840017, 27),
(546, '2012-04-10', NULL, 'А 2974914', '31846', 840161, 176),
(547, '2017-06-09', NULL, 'А 2970088', '32404', 840020, 30),
(548, '2016-10-15', NULL, 'А 2960522', '7653', 840023, 35),
(549, '2016-10-15', NULL, 'А 2956900', '30059', 840005, 22),
(550, '2016-11-15', NULL, 'А 2956898', '30061', 840223, 22),
(551, '2016-10-15', NULL, 'А 2956897', '30062', 840016, 22),
(552, '2016-10-15', NULL, 'А 2956895', '30064', 840044, 22),
(553, '2016-10-15', NULL, 'А 2956894', '30065', 840061, 22),
(554, '2016-10-15', NULL, 'А 2956892', '30086', 840130, 22),
(555, '2016-11-15', NULL, 'А 2956891', '30085', 840149, 22),
(556, '2016-10-15', NULL, 'А 2956889', '30083', 840142, 22),
(557, '2016-10-15', NULL, 'А 2956886', '30080', 840170, 22),
(558, '2016-10-15', NULL, 'А 2956885', '30079', 840190, 22),
(559, '2016-10-15', NULL, 'А 2956883', '30068', 840084, 22),
(560, '2016-10-15', NULL, 'А 2956882', '30069', 840083, 22),
(561, '2016-10-15', NULL, 'А 2956880', '30071', 840100, 22),
(562, '2021-01-21', NULL, 'А 2956879', '30072', 840099, 22),
(563, '2016-10-15', NULL, 'А 2956878', '30013', 840117, 22),
(564, '2016-10-15', NULL, 'А 2956877', '30077', 840253, 22),
(565, '2016-10-15', NULL, 'А 2956876', '30067', 840076, 22),
(567, '2016-10-15', NULL, 'А 2956874', '30075', 840123, 22),
(569, '2016-11-15', NULL, 'А 2956871', '30076', 840241, 22),
(570, '2016-10-15', NULL, 'А 2956870', '30096', 840049, 22),
(571, '2016-10-15', NULL, 'А 2956869', '30095', 840043, 22),
(572, '2016-10-15', NULL, 'А 2956867', '30093', 840126, 22),
(573, '2016-10-15', NULL, 'А 2956866', '30091', 840029, 22),
(574, '2016-10-15', NULL, 'А 2956865', '30092', 840074, 22),
(575, '2016-10-15', NULL, 'А 2956864', '30090', 840201, 22),
(576, '2016-10-15', NULL, 'А 2956862', '30088', 840060, 22),
(577, '2016-10-15', NULL, 'А 2956861', '30087', 840213, 22),
(578, '2016-10-15', NULL, 'А 2956860', '30103', 840216, 22),
(579, '2016-10-15', NULL, 'А 2956859', '300102', 840215, 22),
(580, '2016-10-15', NULL, 'А 2956858', '30101', 840205, 22),
(581, '2016-10-15', NULL, 'А 2956857', '30100', 840120, 22),
(582, '2016-10-15', NULL, 'А 2956856', '30099', 840116, 22),
(583, '2016-06-14', NULL, 'А 2872824', '28735', 840004, 25),
(584, '2016-06-14', NULL, 'А 2872811', '28737', 840032, 25),
(586, '2016-11-07', NULL, 'А 2872611', '28216', 840179, 35),
(587, '2017-02-21', NULL, 'А 2866328', '442', 840168, 8),
(588, '2015-11-01', NULL, 'А 2816752', '1538', 840173, 9),
(589, '2014-05-14', NULL, 'А 2793548', '17079', 840236, 3),
(593, '2019-04-29', '2015-12-07', '0163180011079', '1757', 840222, 5),
(597, '2018-12-12', NULL, '037714000577', '1549', 840370, 8),
(600, '2014-06-26', NULL, 'ИК 0008489', '167', 840072, 14),
(601, '2016-06-04', NULL, 'А 2997440', '328', 840185, 14),
(602, '2021-01-21', '2021-01-21', NULL, 'KZ85VBM00422495', 840072, 14),
(603, '2017-09-18', '2016-01-28', '051545', '05-В-1109', 840379, 23),
(605, '2019-02-05', '2016-02-02', '0377060046061', '2Ц-46-85517', 840380, 23),
(606, '2020-05-19', '2016-02-02', '0377140008824', '8525', 840381, 27),
(607, '2016-12-30', '2016-02-10', '010383', '10-В-2162', 840382, 23),
(608, '2017-02-17', '2016-02-10', '011907', '10-В-263', 840382, 97),
(609, '2021-02-06', '2016-02-15', '0377060174388', '2Ц-53-117490', 840239, 24),
(610, '2020-12-31', '2016-02-26', NULL, 'KZ87VBM00417803', 840383, 30),
(611, '2016-08-05', '2016-03-11', '010127', '110-в-1009', 840384, 27),
(612, '2021-03-28', '2016-04-01', '0377060177183', '2Ц-35-120197', 840162, 123),
(613, '2021-04-09', '2016-04-13', '0377270002712', '596', 840148, 33),
(614, '2021-02-12', '2016-05-12', '0377270002170', '92', 840132, 18),
(615, '2021-04-30', '2016-05-12', '0377060179614', '2Ц-53-122637', 840167, 24),
(617, '2020-12-28', '2016-06-02', NULL, 'KZ94VBM000417580', 840010, 14),
(618, '2021-04-30', '2016-06-06', '0377270003093', '974', 840245, 36),
(619, '2021-06-06', '2016-06-14', '0377270003353', '1234', 840372, 27),
(620, '2021-06-11', '2016-06-17', '0377270003471', '1352', 840101, 10),
(621, '2021-06-11', '2016-06-23', '0377270003458', '1339', 840147, 20),
(622, '2021-05-13', '2016-06-23', '0377060181535', '2Ц-32-123473', 840269, 14),
(623, '2021-06-20', '2016-06-23', '0377270003600', '1481', 840224, 8),
(624, '2021-06-20', '2016-06-23', '0377270003607', '1488', 840279, 8),
(625, '2021-06-20', '2016-06-29', '03771805390080', '2Ц-47-125749', 840136, 97),
(626, '2021-05-13', '2016-07-01', '0377270003202', '1083', 840092, 18),
(627, '2021-06-23', '2016-07-01', '0377180539343', '2Ц-39-126020', 840129, 18),
(628, '2021-06-15', '2016-07-01', '0377180538862', '2Ц-32-125493', 840185, 14),
(629, '2021-06-15', '2016-07-01', '0377180538870', '2Ц-32-125501', 840255, 14),
(630, '2021-06-03', '2016-07-12', '0378270002464', '553', 840368, 283),
(631, '2021-06-03', '2016-07-12', '0378270002463', '552', 840373, 283),
(632, '2021-06-03', '2016-07-12', '0378270002461', '550', 840345, 283),
(633, '2021-06-03', '2016-07-12', '0378270002460', '549', 840341, 283),
(634, '2021-06-03', '2016-07-12', '0378270002459', '548', 840332, 283),
(635, '2021-06-03', '2016-07-12', '0378270002466', '555', 840364, 283),
(637, '2021-07-22', '2016-08-03', NULL, 'KZ52VBM00489049', 840273, 171),
(638, '2021-06-07', '2016-08-03', '0377270003957', '1836', 840323, 25),
(639, '2021-06-07', '2016-08-03', '0377270003956', '1835', 840322, 25),
(640, '2021-06-07', '2016-08-03', '0377270003955', '1834', 840320, 25),
(641, '2021-06-07', '2016-08-03', '0377270003954', '1833', 840313, 25),
(642, '2021-06-07', '2016-08-03', '0377270003953', '1832', 840312, 25),
(643, '2021-06-17', '2016-08-03', '037727003958', '1837', 840325, 283),
(644, '2021-06-17', '2016-08-03', '0377270003967', '1846', 840336, 283),
(645, '2021-06-17', '2016-08-03', '0377270003969', '1848', 840346, 283),
(646, '2021-06-17', '2016-08-03', '0377270003970', '1849', 840347, 283),
(647, '2021-06-17', '2016-08-03', '0377270003971', '1850', 840348, 283),
(648, '2021-06-17', '2016-08-03', '0377270003972', '1851', 840352, 283),
(649, '2021-06-17', '2016-08-03', '0377270003975', '1854', 840359, 283),
(650, '2021-06-17', '2016-08-03', '0377270003974', '1853', 840358, 283),
(651, '2021-06-17', '2016-08-03', '0377270003961', '1840', 840329, 283),
(652, '2021-06-17', '2016-08-03', '0377270003962', '1841', 840330, 283),
(653, '2021-06-17', '2016-08-03', '0377270003963', '1842', 840365, 283),
(654, '2021-06-17', '2016-08-03', '0377270003964', '1843', 840333, 283),
(655, '2021-06-17', '2016-08-03', '0377270003965', '1844', 840335, 283),
(656, '2021-06-17', '2016-08-03', '0377270003966', '1845', 840334, 283),
(657, '2021-06-17', '2016-08-03', '0377270003960', '1839', 840328, 283),
(658, '2021-06-17', '2016-08-03', '0377270003959', '1838', 840327, 283),
(659, '2021-06-07', '2016-08-03', '0377270003952', '1831', 840113, 25),
(660, '2021-06-07', '2016-08-03', '0377270003951', '1830', 840319, 25),
(662, '2021-06-07', '2016-08-03', '0377270003950', '1829', 840318, 25),
(663, '2021-06-07', '2016-08-03', '0377270003949', '1828', 840316, 25),
(664, '2021-06-07', '2016-08-03', '0377270003947', '1826', 840314, 25),
(665, '2021-06-07', '2016-08-03', '0377270003948', '1827', 840315, 25),
(666, '2021-06-21', '2016-08-04', '0377270003892', '1771', 840016, 22),
(667, '2021-06-21', '2016-08-04', '0377270003891', '1770', 840010, 22),
(668, '2021-06-21', '2016-08-04', '0377270003889', '1768', 840005, 22),
(669, '2021-06-21', '2016-08-04', '0377270003890', '1769', 840223, 22),
(671, '2021-06-21', '2016-08-04', '0377270003893', '1772', 840038, 22),
(672, '2021-06-21', '2016-08-04', '0377270003896', '1775', 840044, 22),
(673, '2021-06-21', '2016-08-04', '0377270003895', '1774', 840043, 22),
(674, '2021-06-21', '2016-08-04', '0377270003898', '1777', 840060, 22),
(675, '2021-06-21', '2016-08-04', '0377270003898', '1776', 840061, 22),
(676, '2021-06-21', '2016-08-04', '0377270003899', '1778', 840067, 22),
(677, '2021-06-21', '2016-08-04', '0377270003900', '1778', 840231, 22),
(678, '2021-06-21', '2016-08-04', '0377270003901', '1780', 840284, 22),
(679, '2021-06-21', '2016-08-04', '0377270003902', '1781', 840074, 22),
(680, '2021-06-21', '2016-08-04', '0377270003903', '1782', 840076, 22),
(681, '2021-06-21', '2016-08-04', '0377270003904', '1783', 840084, 22),
(682, '2021-06-21', '2016-08-04', '0377270003905', '1784', 840083, 22),
(683, '2021-06-21', '2016-08-04', '0377270003906', '1785', 840089, 22),
(684, '2021-06-21', '2016-08-04', '0377270003907', '1786', 840099, 22),
(685, '2021-06-21', '2016-08-04', '0377270003908', '1787', 840100, 22),
(686, '2021-06-21', '2016-08-04', '0377270003909', '1788', 840290, 22),
(687, '2021-06-21', '2016-08-04', '0377270003911', '1790', 840116, 22),
(688, '2021-06-21', '2016-08-04', '0377270003912', '1971', 840237, 22),
(689, '2021-06-21', '2016-08-04', '0377270003913', '1792', 840238, 22),
(690, '2021-06-21', '2016-08-04', '0377270003914', '1793', 840120, 22),
(691, '2021-06-21', '2016-08-04', '0377270003910', '1789', 840113, 22),
(692, '2021-06-21', '2016-08-04', '0377270003916', '1795', 840240, 22),
(693, '2021-06-21', '2016-08-04', '037270003915', '1794', 840123, 22),
(694, '2021-06-21', '2016-08-04', '0377270003917', '1796', 840241, 22),
(695, '2021-06-21', '2016-08-04', '0377270003918', '1797', 840126, 22),
(696, '2021-06-21', '2016-08-04', '0377270003919', '1798', 840130, 22),
(697, '2021-06-21', '2016-08-04', '0377270003920', '1799', 840142, 22),
(698, '2021-06-21', '2016-08-04', '0377270003921', '1800', 840149, 22),
(699, '2021-06-21', '2016-08-04', '0377270003922', '1801', 840246, 22),
(700, '2021-06-21', '2016-08-04', '0377270003923', '1802', 840170, 22),
(701, '2021-06-21', '2016-08-04', '0377270003924', '1803', 840184, 22),
(702, '2021-06-21', '2016-08-04', '0377270003925', '1804', 840190, 22),
(703, '2021-06-21', '2016-08-04', '0377270003926', '1805', 840198, 22),
(704, '2021-06-21', '2016-08-04', '0377270003927', '1806', 840253, 22),
(705, '2021-06-21', '2016-08-04', '0377270003928', '1807', 840205, 22),
(706, '2021-06-21', '2016-08-04', '0377270003930', '1809', 840258, 22),
(707, '2021-06-21', '2016-08-04', '0377270003931', '1810', 840125, 22),
(708, '2021-06-21', '2016-08-04', '0377270003929', '1808', 840215, 22),
(709, '2021-03-21', '2016-08-05', '0377270003894', '1773', 840289, 22),
(710, '2021-08-24', '2016-09-12', '179', 'KZ88VBM00530499', 840285, 11),
(711, '2021-09-05', '2016-09-23', '192', 'KZ№26VBM00542188', 840067, 15),
(712, '2021-08-05', '2016-10-03', NULL, 'KZ22VBM00496282', 840385, 171),
(713, '2021-10-01', '2016-10-04', '0377270004175', '2050', 840303, 8),
(714, '2019-02-02', '2016-10-10', '01362400086550', '2712', 840386, 13),
(715, '2021-11-02', '2016-11-08', '0178270040669', '71509', 840127, 13),
(716, '2021-08-31', '2016-11-18', '0164040006179', '39489', 840387, 8),
(717, '2021-09-29', '2016-11-25', NULL, 'KZ70VBM00552939', 840388, 9),
(718, '2021-11-14', '2016-11-30', '0377270004807', '2680', 840133, 32),
(719, '2021-07-22', '2016-11-30', NULL, 'KZ74VBM00489041', 840290, 35),
(720, '2021-11-14', '2016-11-30', '0377270004793', '2666', 840152, 20),
(721, '2021-10-17', '2016-12-07', NULL, 'KZ03VBM00559480', 840389, 30),
(722, '2021-01-16', '2016-12-26', NULL, 'KZ78VBM00196611', 840390, 31),
(723, '2021-12-16', '2017-01-09', '017704 0029886', '2130-16', 840276, 10),
(724, '2021-12-10', '2017-01-10', '0377270005228', '3101', 840192, 10),
(725, '2021-12-15', '2017-01-11', '1161270000675', '0855', 840168, 8),
(726, '2020-03-06', '2017-01-18', NULL, 'KZ14VBM00213477', 840391, 9),
(727, '2021-11-03', '2017-02-01', NULL, 'KZ80VBM00566436', 840123, 19),
(728, '2021-12-01', '2017-02-01', '0556180617276', '8306/16', 840304, 20),
(729, '2019-09-29', '2017-03-02', NULL, 'KZ75VBM00157962', 840392, 27),
(730, '2022-03-18', '2017-04-07', NULL, 'KZ57VBM000616320', 840307, 97),
(731, '2022-03-30', '2017-04-07', NULL, 'KZ75VBM00619585', 840265, 28),
(732, '2022-04-08', '2017-04-14', '0377270006379', '576', 840308, 97),
(733, '2022-04-03', '2017-04-14', '0377270006323', '521', 840025, 14),
(735, '2022-04-22', '2017-05-03', '03772700066151', '847', 840296, 118),
(736, '2020-04-24', '2017-05-10', NULL, 'KZ22VBM00227592', 840317, 22),
(737, '2021-08-05', '2016-10-03', NULL, 'KZ22VBM00496282', 840385, 174),
(738, '2022-05-05', '2017-05-12', NULL, 'KZ42VBM00630170', 840141, 44),
(739, '2022-05-25', '2017-06-01', NULL, 'KZ43VBM00638688', 840393, 22),
(740, '2022-04-14', '2017-06-08', '0377270007103', '1298', 840129, 8),
(741, '2022-04-14', '2017-06-08', '0377270007109', '1304', 840218, 8),
(742, '2022-04-14', '2017-06-08', '0377270007107', '1302', 840280, 8),
(743, '2022-04-14', '2017-06-08', '0377270007098', '1293', 840041, 8),
(744, '2022-04-14', '2017-06-08', '0377270007104', '1299', 840145, 8),
(745, '2022-04-14', '2017-06-08', '0377270007099', '1294', 840096, 8),
(746, '2022-04-14', '2017-06-08', '0377270007096', '1291', 840294, 8),
(747, '2022-04-14', '2017-06-08', '0377270007101', '1296', 840062, 8),
(748, '2022-04-14', '2017-06-08', '0377270007108', '1303', 840206, 8),
(750, '2022-04-14', '2017-06-08', '0377270007097', '1292', 840032, 8),
(751, '2022-04-14', '2017-06-08', '0377270007100', '1295', 840058, 8),
(752, '2022-04-14', '2017-06-08', '0377270007102', '1297', 840098, 8),
(753, '2022-04-14', '2017-06-08', '0377270007105', '1300', 840150, 8),
(754, '2022-04-14', '2017-06-08', '0377270007106', '1301', 840272, 8),
(755, '2022-03-06', '2017-06-16', NULL, 'KZ47VBM00609807', 840095, 123),
(756, '2018-12-18', '2017-06-22', NULL, 'KZ90VBM00026839', 840394, 22),
(757, '2022-06-10', '2017-08-08', '0377270007563', '1757', 840068, 33),
(758, '2022-07-19', '2017-08-25', NULL, 'KZ85VBM00662279', 840395, 27),
(759, '2022-08-18', '2017-08-25', NULL, 'KZ17VBM00676986', 840198, 15),
(760, '2019-03-20', '2017-09-14', '0377140006977', '1549', 840370, 8);

-- --------------------------------------------------------

--
-- Структура таблицы `sk_v015`
--

CREATE TABLE IF NOT EXISTS `sk_v015` (
  `RECID` smallint(6) NOT NULL,
  `CODE` smallint(6) DEFAULT NULL,
  `DATEBEG` date DEFAULT NULL,
  `DATEEND` date DEFAULT NULL,
  `HIGH` smallint(6) DEFAULT NULL,
  `NAME` varchar(255) COLLATE utf8_bin DEFAULT NULL,
  `OKSO` smallint(6) DEFAULT NULL
) ENGINE=InnoDB DEFAULT CHARSET=utf8 COLLATE=utf8_bin;

--
-- Дамп данных таблицы `sk_v015`
--

INSERT INTO `sk_v015` (`RECID`, `CODE`, `DATEBEG`, `DATEEND`, `HIGH`, `NAME`, `OKSO`) VALUES
(1, 1, '2013-12-26', NULL, 0, 'Лечебное дело. Педиатрия', 2),
(2, 2, '2013-12-26', NULL, 0, 'Медико-профилактическое дело', 138),
(3, 3, '2013-12-26', NULL, 0, 'Стоматология', 154),
(4, 4, '2013-12-26', NULL, 0, 'Фармация', 161),
(5, 5, '2013-12-26', NULL, 0, 'Сестринское дело', 165),
(6, 6, '2013-12-26', NULL, 0, 'Медицинская биохимия', 167),
(7, 7, '2013-12-26', NULL, 0, 'Медицинская биофизика', 168),
(8, 8, '2013-12-26', NULL, 1, 'Акушерство и гинекология', 3),
(9, 9, '2013-12-26', NULL, 1, 'Анестезиология и реаниматология', 8),
(10, 10, '2013-12-26', NULL, 1, 'Дерматовенерология', 12),
(11, 11, '2013-12-26', NULL, 1, 'Детская хирургия', 125),
(12, 12, '2013-12-26', NULL, 1, 'Генетика', 14),
(13, 13, '2013-12-26', NULL, 1, 'Клиническая лабораторная диагностика', 18),
(14, 14, '2013-12-26', NULL, 1, 'Неврология', 23),
(15, 15, '2013-12-26', NULL, 1, 'Неонатология', 137),
(16, 16, '2013-12-26', NULL, 1, 'Общая врачебная практика (семейная медицина)', 30),
(17, 17, '2013-12-26', NULL, 1, 'Онкология', 102),
(18, 18, '2013-12-26', NULL, 1, 'Организация здравоохранения и общественное здоровье\n', 56),
(19, 19, '2013-12-26', NULL, 1, 'Оториноларингология', 38),
(20, 20, '2013-12-26', NULL, 1, 'Офтальмология', 40),
(21, 21, '2013-12-26', NULL, 1, 'Патологическая анатомия', 41),
(22, 22, '2013-12-26', NULL, 1, 'Педиатрия', 105),
(23, 23, '2013-12-26', NULL, 1, 'Психиатрия', 42),
(24, 24, '2013-12-26', NULL, 1, 'Рентгенология', 47),
(25, 25, '2013-12-26', NULL, 1, 'Скорая медицинская помощь', 50),
(26, 26, '2013-12-26', NULL, 1, 'Судебно-медицинская экспертиза', 57),
(27, 27, '2013-12-26', NULL, 1, 'Терапия', 58),
(28, 28, '2013-12-26', NULL, 1, 'Травматология и ортопедия', 80),
(29, 29, '2013-12-26', NULL, 1, 'Фтизиатрия', 86),
(30, 30, '2013-12-26', NULL, 1, 'Хирургия', 88),
(31, 31, '2013-12-26', NULL, 1, 'Эндокринология', 99),
(32, 32, '2013-12-26', NULL, 1, 'Инфекционные болезни', 16),
(33, 33, '2013-12-26', NULL, 8, 'Ультразвуковая диагностика', 4),
(34, 34, '2013-12-26', NULL, 8, 'Физиотерапия', 5),
(35, 35, '2013-12-26', NULL, 8, 'Функциональная диагностика', 6),
(36, 36, '2013-12-26', NULL, 8, 'Эндоскопия', 7),
(37, 37, '2013-12-26', NULL, 9, 'Токсикология', 9),
(38, 38, '2013-12-26', NULL, 9, 'Трансфузиология', 10),
(39, 39, '2013-12-26', NULL, 9, 'Функциональная диагностика', 11),
(40, 40, '2013-12-26', NULL, 10, 'Клиническая микология', 13),
(41, 41, '2013-12-26', NULL, 11, 'Детская онкология', 126),
(42, 42, '2013-12-26', NULL, 11, 'Детская урология - андрология', 127),
(43, 43, '2013-12-26', NULL, 11, 'Колопроктология', 128),
(44, 44, '2013-12-26', NULL, 11, 'Нейрохирургия', 129),
(45, 45, '2013-12-26', NULL, 11, 'Сердечно-сосудистая хирургия', 130),
(46, 46, '2013-12-26', NULL, 11, 'Торакальная хирургия', 131),
(47, 47, '2013-12-26', NULL, 11, 'Трансфузиология', 132),
(48, 48, '2013-12-26', NULL, 11, 'Ультразвуковая диагностика', 133),
(49, 49, '2013-12-26', NULL, 11, 'Функциональная диагностика', 134),
(50, 50, '2013-12-26', NULL, 11, 'Челюстно-лицевая хирургия', 135),
(51, 51, '2013-12-26', NULL, 11, 'Эндоскопия', 136),
(52, 52, '2013-12-26', NULL, 12, 'Лабораторная генетика', 15),
(53, 53, '2013-12-26', NULL, 32, 'Клиническая микология', 17),
(54, 54, '2013-12-26', NULL, 13, 'Бактериология', 19),
(55, 55, '2013-12-26', NULL, 13, 'Вирусология', 20),
(56, 56, '2013-12-26', NULL, 13, 'Лабораторная генетика', 21),
(57, 57, '2013-12-26', NULL, 13, 'Лабораторная микология', 22),
(58, 58, '2013-12-26', NULL, 14, 'Восстановительная медицина', 26),
(59, 59, '2013-12-26', NULL, 14, 'Лечебная физкультура и спортивная медицина', 27),
(61, 61, '2013-12-26', NULL, 14, 'Мануальная терапия', 24),
(62, 62, '2013-12-26', NULL, 14, 'Рефлексотерапия', 25),
(63, 63, '2013-12-26', NULL, 14, 'Физиотерапия', 28),
(64, 64, '2013-12-26', NULL, 14, 'Функциональная диагностика', 29),
(65, 65, '2013-12-26', NULL, 16, 'Восстановительная медицина', 31),
(66, 66, '2013-12-26', NULL, 16, 'Гериатрия', 32),
(67, 67, '2013-12-26', NULL, 16, 'Лечебная физкультура и спортивная медицина', 33),
(69, 69, '2013-12-26', NULL, 16, 'Ультразвуковая диагностика', 34),
(70, 70, '2013-12-26', NULL, 16, 'Физиотерапия', 35),
(71, 71, '2013-12-26', NULL, 16, 'Функциональная диагностика', 36),
(72, 72, '2013-12-26', NULL, 16, 'Эндоскопия', 37),
(73, 73, '2013-12-26', NULL, 17, 'Детская онкология', 103),
(74, 74, '2013-12-26', NULL, 17, 'Радиология', 104),
(75, 75, '2013-12-26', NULL, 19, 'Сурдология - оториноларингология', 39),
(77, 77, '2013-12-26', NULL, 22, 'Аллергология и иммунология', 110),
(78, 78, '2013-12-26', NULL, 22, 'Восстановительная медицина', 111),
(79, 79, '2013-12-26', NULL, 22, 'Гастроэнтерология', 112),
(80, 80, '2013-12-26', NULL, 22, 'Гематология', 113),
(81, 81, '2013-12-26', NULL, 22, 'Детская кардиология', 108),
(82, 82, '2013-12-26', NULL, 22, 'Детская онкология', 106),
(83, 83, '2013-12-26', NULL, 22, 'Детская эндокринология', 107),
(84, 84, '2013-12-26', NULL, 22, 'Диетология', 114),
(85, 85, '2013-12-26', NULL, 22, 'Клиническая фармакология', 115),
(86, 86, '2013-12-26', NULL, 22, 'Лечебная физкультура и спортивная медицина', 109),
(88, 88, '2013-12-26', NULL, 22, 'Мануальная терапия', 116),
(89, 89, '2013-12-26', NULL, 22, 'Нефрология', 117),
(90, 90, '2013-12-26', NULL, 22, 'Пульмонология', 118),
(91, 91, '2013-12-26', NULL, 22, 'Ревматология', 119),
(92, 92, '2013-12-26', NULL, 22, 'Трансфузиология', 120),
(93, 93, '2013-12-26', NULL, 22, 'Ультразвуковая диагностика', 121),
(94, 94, '2013-12-26', NULL, 22, 'Физиотерапия', 122),
(95, 95, '2013-12-26', NULL, 22, 'Функциональная диагностика', 123),
(96, 96, '2013-12-26', NULL, 22, 'Эндоскопия', 124),
(97, 97, '2013-12-26', NULL, 23, 'Психиатрия-наркология', 46),
(98, 98, '2013-12-26', NULL, 23, 'Психотерапия', 43),
(99, 99, '2013-12-26', NULL, 23, 'Сексология', 44),
(100, 100, '2013-12-26', NULL, 23, 'Судебно-психиатрическая экспертиза', 45),
(102, 102, '2013-12-26', NULL, 24, 'Радиология', 48),
(103, 103, '2013-12-26', NULL, 24, 'Ультразвуковая диагностика', 49),
(104, 104, '2013-12-26', NULL, 25, 'Восстановительная медицина', 51),
(105, 105, '2013-12-26', NULL, 25, 'Лечебная физкультура и спортивная медицина', 52),
(107, 107, '2013-12-26', NULL, 25, 'Ультразвуковая диагностика', 53),
(108, 108, '2013-12-26', NULL, 25, 'Физиотерапия', 54),
(109, 109, '2013-12-26', NULL, 25, 'Функциональная диагностика', 55),
(110, 110, '2013-12-26', NULL, 27, 'Авиационная и космическая медицина', 71),
(112, 112, '2013-12-26', NULL, 27, 'Аллергология и иммунология', 72),
(113, 113, '2013-12-26', NULL, 27, 'Восстановительная медицина', 73),
(114, 114, '2013-12-26', NULL, 27, 'Гастроэнтерология', 59),
(115, 115, '2013-12-26', NULL, 27, 'Гематология', 60),
(116, 116, '2013-12-26', NULL, 27, 'Гериатрия', 61),
(117, 117, '2013-12-26', NULL, 27, 'Диетология', 62),
(118, 118, '2013-12-26', NULL, 27, 'Кардиология', 63),
(119, 119, '2013-12-26', NULL, 27, 'Клиническая фармакология', 64),
(120, 120, '2013-12-26', NULL, 27, 'Лечебная физкультура и спортивная медицина', 74),
(122, 122, '2013-12-26', NULL, 27, 'Мануальная терапия', 75),
(123, 123, '2013-12-26', NULL, 27, 'Нефрология', 65),
(124, 124, '2013-12-26', NULL, 27, 'Профпатология', 76),
(125, 125, '2013-12-26', NULL, 27, 'Пульмонология', 66),
(126, 126, '2013-12-26', NULL, 27, 'Ревматология', 67),
(127, 127, '2013-12-26', NULL, 27, 'Рефлексотерапия', 77),
(128, 128, '2013-12-26', NULL, 27, 'Трансфузиология', 68),
(129, 129, '2013-12-26', NULL, 27, 'Ультразвуковая диагностика', 69),
(130, 130, '2013-12-26', NULL, 27, 'Физиотерапия', 78),
(131, 131, '2013-12-26', NULL, 27, 'Функциональная диагностика', 70),
(132, 132, '2013-12-26', NULL, 27, 'Эндоскопия', 79),
(133, 133, '2013-12-26', NULL, 28, 'Восстановительная медицина', 82),
(134, 134, '2013-12-26', NULL, 28, 'Лечебная физкультура и спортивная медицина', 83),
(136, 136, '2013-12-26', NULL, 28, 'Мануальная терапия', 81),
(137, 137, '2013-12-26', NULL, 28, 'Физиотерапия', NULL),
(138, 138, '2013-12-26', NULL, 29, 'Пульмонология', 87),
(139, 139, '2013-12-26', NULL, 30, 'Колопроктология', 89),
(140, 140, '2013-12-26', NULL, 30, 'Нейрохирургия', 90),
(141, 141, '2013-12-26', NULL, 30, 'Сердечно-сосудистая хирургия', 92),
(142, 142, '2013-12-26', NULL, 30, 'Торакальная хирургия', 93),
(143, 143, '2013-12-26', NULL, 30, 'Трансфузиология', 94),
(144, 144, '2013-12-26', NULL, 30, 'Ультразвуковая диагностика', 97),
(145, 145, '2013-12-26', NULL, 30, 'Урология', 91),
(146, 146, '2013-12-26', NULL, 30, 'Функциональная диагностика', 98),
(147, 147, '2013-12-26', NULL, 30, 'Челюстно-лицевая хирургия', 95),
(148, 148, '2013-12-26', NULL, 30, 'Эндоскопия', 96),
(149, 149, '2013-12-26', NULL, 31, 'Детская эндокринология', 101),
(150, 150, '2013-12-26', NULL, 31, 'Диабетология', 100),
(151, 151, '2013-12-26', NULL, 2, 'Клиническая лабораторная диагностика', 139),
(152, 152, '2013-12-26', NULL, 2, 'Общая гигиена', 145),
(153, 153, '2013-12-26', NULL, 2, 'Социальная гигиена и организация госсанэпидслужбы', 153),
(154, 154, '2013-12-26', NULL, 2, 'Эпидемиология', 142),
(155, 155, '2013-12-26', NULL, 151, 'Бактериология', 140),
(156, 156, '2013-12-26', NULL, 151, 'Вирусология', 141),
(157, 157, '2013-12-26', NULL, 151, 'Лабораторная генетика', 202),
(158, 158, '2013-12-26', NULL, 151, 'Лабораторная микология', 203),
(159, 159, '2013-12-26', NULL, 152, 'Гигиена детей и подростков', 146),
(160, 160, '2013-12-26', NULL, 152, 'Гигиена питания', 148),
(161, 161, '2013-12-26', NULL, 152, 'Гигиена труда', 149),
(162, 162, '2013-12-26', NULL, 152, 'Гигиеническое воспитание', 147),
(163, 163, '2013-12-26', NULL, 152, 'Коммунальная гигиена', 150),
(164, 164, '2013-12-26', NULL, 152, 'Радиационная гигиена', 151),
(165, 165, '2013-12-26', NULL, 152, 'Санитарно-гигиенические лабораторные исследования', 152),
(167, 167, '2013-12-26', NULL, 154, 'Бактериология', 204),
(168, 168, '2013-12-26', NULL, 154, 'Вирусология', 205),
(169, 169, '2013-12-26', NULL, 154, 'Дезинфектология', 143),
(170, 170, '2013-12-26', NULL, 154, 'Паразитология', 144),
(171, 171, '2013-12-26', NULL, 3, 'Стоматология общей практики', 155),
(172, 172, '2013-12-26', NULL, 3, 'Клиническая лабораторная диагностика', 206),
(173, 173, '2013-12-26', NULL, 171, 'Ортодонтия', 156),
(174, 174, '2013-12-26', NULL, 171, 'Стоматология детская', 157),
(175, 175, '2013-12-26', NULL, 171, 'Стоматология ортопедическая', 159),
(176, 176, '2013-12-26', NULL, 171, 'Стоматология терапевтическая', 158),
(177, 177, '2013-12-26', NULL, 171, 'Стоматология хирургическая', 160),
(178, 178, '2013-12-26', NULL, 171, 'Челюстно-лицевая хирургия', 207),
(179, 179, '2013-12-26', NULL, 171, 'Физиотерапия', 208),
(180, 180, '2013-12-26', NULL, 172, 'Бактериология', 209),
(181, 181, '2013-12-26', NULL, 172, 'Вирусология', 210),
(182, 182, '2013-12-26', NULL, 172, 'Лабораторная генетика', 211),
(183, 183, '2013-12-26', NULL, 172, 'Лабораторная микология', 212),
(184, 184, '2013-12-26', NULL, 4, 'Управление и экономика фармации', 162),
(185, 185, '2013-12-26', NULL, 4, 'Фармацевтическая химия и фармакогнозия', 164),
(186, 186, '2013-12-26', NULL, 5, 'Управление сестринской деятельностью', 166),
(187, 187, '2013-12-26', NULL, 6, 'Генетика', 213),
(188, 188, '2013-12-26', NULL, 187, 'Лабораторная генетика', 216),
(189, 189, '2013-12-26', NULL, 6, 'Клиническая лабораторная диагностика', 214),
(190, 190, '2013-12-26', NULL, 189, 'Бактериология', 217),
(191, 191, '2013-12-26', NULL, 189, 'Вирусология', 218),
(192, 192, '2013-12-26', NULL, 189, 'Лабораторная микология', 220),
(193, 193, '2013-12-26', NULL, 189, 'Лабораторная генетика', 219),
(194, 194, '2013-12-26', NULL, 6, 'Судебно-медицинская экспертиза', 215),
(195, 195, '2013-12-26', NULL, 7, 'Клиническая лабораторная диагностика', 221),
(196, 196, '2013-12-26', NULL, 7, 'Рентгенология', 222),
(197, 197, '2013-12-26', NULL, 195, 'Бактериология', 223),
(198, 198, '2013-12-26', NULL, 195, 'Вирусология', 224),
(199, 199, '2013-12-26', NULL, 195, 'Лабораторная генетика', 225),
(200, 200, '2013-12-26', NULL, 195, 'Лабораторная микология', 226),
(201, 201, '2013-12-26', NULL, 196, 'Радиология', 227),
(202, 202, '2013-12-26', NULL, 196, 'Функциональная диагностика', 228),
(203, 203, '2013-12-26', NULL, 196, 'Ультразвуковая диагностика', 229),
(204, 204, '2013-12-26', NULL, NULL, 'Средний медицинский персонал', 169),
(205, 205, '2013-12-26', NULL, 204, 'Организация сестринского дела', 170),
(206, 206, '2013-12-26', NULL, 204, 'Лечебное дело', 171),
(207, 207, '2013-12-26', NULL, 204, 'Акушерское дело', 172),
(208, 208, '2013-12-26', NULL, 204, 'Стоматология', 173),
(209, 209, '2013-12-26', NULL, 204, 'Стоматология ортопедическая', 174),
(210, 210, '2013-12-26', NULL, 204, 'Эпидемиология (паразитология)', 175),
(211, 211, '2013-12-26', NULL, 204, 'Гигиена и санитария', 176),
(212, 212, '2013-12-26', NULL, 204, 'Дезинфекционное дело', 177),
(213, 213, '2013-12-26', NULL, 204, 'Гигиеническое воспитание', 178),
(214, 214, '2013-12-26', NULL, 204, 'Энтомология', 179),
(215, 215, '2013-12-26', NULL, 204, 'Лабораторная диагностика', 180),
(216, 216, '2013-12-26', NULL, 204, 'Гистология', 181),
(217, 217, '2013-12-26', NULL, 204, 'Лабораторное дело', 182),
(218, 218, '2013-12-26', NULL, 204, 'Фармация', 183),
(219, 219, '2013-12-26', NULL, 204, 'Сестринское дело', 184),
(221, 221, '2013-12-26', NULL, 204, 'Сестринское дело в педиатрии', 185),
(222, 222, '2013-12-26', NULL, 204, 'Операционное дело', 186),
(223, 223, '2013-12-26', NULL, 204, 'Анестезиология и реаниматология', 187),
(224, 224, '2013-12-26', NULL, 204, 'Общая практика', 188),
(225, 225, '2013-12-26', NULL, 204, 'Рентгенология', 189),
(226, 226, '2013-12-26', NULL, 204, 'Функциональная диагностика', 190),
(227, 227, '2013-12-26', NULL, 204, 'Физиотерапия', 191),
(228, 228, '2013-12-26', NULL, 204, 'Медицинский массаж', 192),
(229, 229, '2013-12-26', NULL, 4, 'Фармацевтическая технология', 163),
(230, 230, '2013-12-26', NULL, 204, 'Лечебная физкультура', 193),
(231, 231, '2013-12-26', NULL, 204, 'Диетология', 194),
(232, 232, '2013-12-26', NULL, 204, 'Медицинская статистика', 195),
(233, 233, '2013-12-26', NULL, 204, 'Стоматология профилактическая', NULL),
(234, 234, '2013-12-26', NULL, 204, 'Судебно-медицинская экспертиза', NULL),
(235, 235, '2013-12-26', NULL, 204, 'Медицинская оптика', NULL),
(236, 236, '2013-12-26', NULL, 27, 'Медико-социальная экспертиза', NULL),
(237, 237, '2013-12-26', NULL, 28, 'Медико-социальная экспертиза', NULL),
(238, 238, NULL, NULL, 29, 'Медико-социальная экспертиза', NULL),
(239, 239, NULL, NULL, 30, 'Медико-социальная экспертиза', NULL),
(240, 240, NULL, NULL, 31, 'Медико-социальная экспертиза', NULL),
(241, 241, NULL, NULL, 11, 'Медико-социальная экспертиза', NULL),
(242, 242, NULL, NULL, 14, 'Медико-социальная экспертиза', NULL),
(243, 243, NULL, NULL, 17, 'Медико-социальная экспертиза', NULL),
(244, 244, NULL, NULL, 19, 'Медико-социальная экспертиза', NULL),
(245, 245, NULL, NULL, 20, 'Медико-социальная экспертиза', NULL),
(246, 246, NULL, NULL, 22, 'Медико-социальная экспертиза', NULL),
(247, 247, NULL, NULL, 30, 'Пластическая хирургия', NULL),
(248, 248, NULL, NULL, 30, 'Рентгенэндоваскулярные диагностика и лечение', NULL),
(249, 249, NULL, NULL, 31, 'Ультразвуковая диагностика', NULL),
(250, 250, NULL, NULL, 8, 'Рентгенэндоваскулярные диагностика и лечение', NULL),
(251, 251, NULL, NULL, 8, 'Трансфузиология', NULL),
(252, 252, NULL, NULL, 10, 'Косметология', NULL),
(253, 253, NULL, NULL, 11, 'Рентгенэндоваскулярные диагностика и лечение', NULL),
(254, 254, NULL, NULL, 14, 'Рентгенэндоваскулярные диагностика и лечение', NULL),
(255, 255, NULL, NULL, 16, 'Аллергология и иммунология', NULL),
(256, 256, NULL, NULL, 16, 'Водолазная медицина', NULL),
(257, 257, NULL, NULL, 16, 'Гастроэнтерология', NULL),
(258, 258, NULL, NULL, 16, 'Гематология', NULL),
(259, 259, NULL, NULL, 16, 'Диетология', NULL),
(260, 260, NULL, NULL, 16, 'Кардиология', NULL),
(261, 261, NULL, NULL, 16, 'Нефрология', NULL),
(262, 262, NULL, NULL, 16, 'Пульмонология', NULL),
(263, 263, NULL, NULL, 16, 'Ревматология', NULL),
(264, 264, NULL, NULL, 16, 'Трансфузиология', NULL),
(265, 265, NULL, NULL, 17, 'Рентгенэндоваскулярные диагностика и лечение', NULL),
(266, 266, NULL, NULL, 24, 'Рентгенэндоваскулярные диагностика и лечение', NULL),
(267, 267, NULL, NULL, 2, 'Организация здравоохранения и общественное здоровье\n', NULL),
(268, 268, NULL, NULL, 3, 'Организация здравоохранения и общественное здоровье\n', NULL),
(269, 269, NULL, NULL, 0, 'Медицинская кибернетика', 168),
(270, 270, NULL, NULL, 269, 'Клиническая лабораторная диагностика', 221),
(271, 271, NULL, NULL, 269, 'Рентгенология', 222),
(272, 272, NULL, NULL, 270, 'Бактериология', 223),
(273, 273, NULL, NULL, 270, 'Вирусология', 224),
(274, 274, NULL, NULL, 270, 'Лабораторная генетика', 225),
(275, 275, NULL, NULL, 270, 'Лабораторная микология', 226),
(276, 276, NULL, NULL, 271, 'Радиология', 227),
(277, 277, NULL, NULL, 271, 'Функциональная диагностика', 228),
(278, 278, NULL, NULL, 271, 'Ультразвуковая диагностика', 229),
(279, 279, NULL, NULL, 204, 'Медико-социальная помощь', NULL),
(280, 280, NULL, NULL, 204, 'Наркология', NULL),
(281, 281, NULL, NULL, 204, 'Реабилитационное сестринское дело', NULL),
(282, 282, NULL, NULL, 204, 'Сестринское дело в косметологии', NULL),
(283, 283, NULL, NULL, 204, 'Скорая и неотложная помощь', NULL),
(284, 284, NULL, NULL, 204, 'Бактериология', NULL),
(285, 285, NULL, NULL, 28, 'Физиология', 84),
(286, 286, NULL, NULL, 1, 'Физиотерапия', 85),
(287, 287, NULL, NULL, 0, 'Естественные науки', 196),
(288, 288, NULL, NULL, 287, 'Биофизика', 197),
(289, 289, NULL, NULL, 287, 'Медицинская биофизика', 198),
(290, 290, NULL, NULL, 287, 'Медицинская кибернетика', 199),
(291, 3200, NULL, NULL, 287, 'Биохимия', 200),
(292, 3201, NULL, NULL, 287, 'Медицинская биохимия', 201);

-- --------------------------------------------------------

--
-- Структура таблицы `spisok_vrach`
--

CREATE TABLE IF NOT EXISTS `spisok_vrach` (
  `IDDOKT` int(11) NOT NULL,
  `DATE_UV` date DEFAULT NULL,
  `DATE_VN` date DEFAULT NULL,
  `DOKT` bit(1) DEFAULT NULL,
  `FAM` varchar(255) COLLATE utf8_bin DEFAULT NULL,
  `ID_OTD` int(11) DEFAULT NULL,
  `ID_PODR` int(11) DEFAULT NULL,
  `IM` varchar(255) COLLATE utf8_bin DEFAULT NULL,
  `LPUKOD` int(11) DEFAULT NULL,
  `OT` varchar(255) COLLATE utf8_bin DEFAULT NULL,
  `PRVS` smallint(6) DEFAULT NULL
) ENGINE=InnoDB DEFAULT CHARSET=utf8 COLLATE=utf8_bin;

--
-- Дамп данных таблицы `spisok_vrach`
--

INSERT INTO `spisok_vrach` (`IDDOKT`, `DATE_UV`, `DATE_VN`, `DOKT`, `FAM`, `ID_OTD`, `ID_PODR`, `IM`, `LPUKOD`, `OT`, `PRVS`) VALUES
(840001, NULL, NULL, b'0', 'Абдикаримова', NULL, NULL, 'Гульнара', NULL, 'Тураровна', NULL),
(840002, NULL, NULL, b'0', 'Абжаппаров', NULL, NULL, 'Бауыржан', NULL, 'Нурадинович', NULL),
(840004, NULL, NULL, b'0', 'Абилкасымова', NULL, NULL, 'Акболтай', NULL, NULL, NULL),
(840005, NULL, NULL, b'0', 'Абилтаева', NULL, NULL, 'Калдигуль', NULL, 'Кубековна', NULL),
(840006, NULL, NULL, b'0', 'Абсадыкова', NULL, NULL, 'Алтын', NULL, 'Нарикбаевна', NULL),
(840007, NULL, NULL, b'0', 'Адилов', NULL, NULL, 'Кадыржан', NULL, 'Кожахметович', NULL),
(840008, NULL, NULL, b'0', 'Айгельдиева', NULL, NULL, 'Бибигуль', NULL, 'Бисеновна', NULL),
(840009, NULL, NULL, b'0', 'Аксакалова', NULL, NULL, 'Раяш', NULL, 'Куанышовна', NULL),
(840010, NULL, NULL, b'0', 'Алибекова', NULL, NULL, 'Шолпан', NULL, 'Сериковна', NULL),
(840011, NULL, NULL, b'0', 'Алиев', NULL, NULL, 'Мукаддим', NULL, 'Разыкович', NULL),
(840012, NULL, NULL, b'0', 'Алиева', NULL, NULL, 'Канбиби', NULL, 'Абдихалыковна', NULL),
(840013, NULL, NULL, b'0', 'Алиева', NULL, NULL, 'Назгул', NULL, 'Фронтовна', NULL),
(840014, NULL, NULL, b'0', 'Алиева', NULL, NULL, 'Эльмира', NULL, 'Ибайдуллаевна', NULL),
(840015, '2013-12-31', NULL, b'0', 'Алмагамбетов', NULL, NULL, 'Еркебулан', NULL, 'Балыкбаевич', NULL),
(840016, NULL, NULL, b'0', 'Алмагамбетова', NULL, NULL, 'Мирамкул', NULL, 'Изтлеуовна', NULL),
(840017, '2016-02-29', NULL, b'0', 'Альжанова', NULL, NULL, 'Мария', NULL, 'Амзеевна', NULL),
(840018, '2015-09-30', NULL, b'0', 'Альмаханов', NULL, NULL, 'Жетес', NULL, 'Абдраймович', NULL),
(840019, NULL, NULL, b'0', 'Альмаханова', NULL, NULL, 'Сауле', NULL, 'Аскарбековна', NULL),
(840020, NULL, NULL, b'0', 'Альназиев', NULL, NULL, 'Бекбосын', NULL, 'Бимурзаевич', NULL),
(840021, '2015-08-28', NULL, b'0', 'Аманкосов', NULL, NULL, 'Аслан', NULL, 'Аманкосович', NULL),
(840022, NULL, NULL, b'0', 'Анесов', NULL, NULL, 'Баглан', NULL, 'Байзакович', NULL),
(840023, NULL, NULL, b'1', 'Арапова', NULL, NULL, 'Светлана', NULL, 'Геннадьевна', NULL),
(840024, NULL, NULL, b'1', 'Арифов', NULL, NULL, 'Анвер', NULL, 'Хасанович', NULL),
(840025, NULL, NULL, b'0', 'Арыстанова', NULL, NULL, 'Нургуль', NULL, 'Сериковна', NULL),
(840026, NULL, NULL, NULL, 'Бабажанова(Абдикерова)', NULL, NULL, 'Ботакуз', NULL, 'Абдикеровна', NULL),
(840027, NULL, NULL, b'0', 'Бабажанова', NULL, NULL, 'Зафира', NULL, 'Садировна', NULL),
(840028, '2013-04-09', NULL, b'0', 'Байдаулетов', NULL, NULL, 'Азамат', NULL, 'Толепбергенулы', NULL),
(840029, '2016-02-24', NULL, b'0', 'Байдирова', NULL, NULL, 'Жанар', NULL, 'Бахитовна', NULL),
(840030, NULL, NULL, b'0', 'Баймбетова', NULL, NULL, 'Зираш', NULL, 'Самаладиновна', NULL),
(840031, '2014-01-31', NULL, b'0', 'Баймуканова', NULL, NULL, 'Шынар', NULL, 'Аскарбековна', NULL),
(840032, NULL, NULL, b'0', 'Баймухамбетова', NULL, NULL, 'Жумагиз', NULL, 'Сатаевна', NULL),
(840033, NULL, NULL, b'1', 'Байсалова', NULL, NULL, 'Мария', NULL, 'Жумамуратовна', NULL),
(840034, '2015-07-09', NULL, b'0', 'Бануов', NULL, NULL, 'Абдималик', NULL, 'Барзуович', NULL),
(840035, '2015-05-31', NULL, b'0', 'Бануова', NULL, NULL, 'Молдир', NULL, 'Барзуовна', NULL),
(840036, NULL, NULL, b'0', 'Башырова', NULL, NULL, 'Раушан', NULL, 'Борисовна', NULL),
(840037, '2015-04-28', NULL, b'0', 'Беисова ', NULL, NULL, 'Динара', NULL, 'Жангалишевна', NULL),
(840038, NULL, NULL, b'0', 'Бекеева', NULL, NULL, 'Лаура', NULL, 'Сайукызы', NULL),
(840040, NULL, NULL, b'0', 'Беликова', NULL, NULL, 'Гульнара', NULL, 'Каиргалиевна', NULL),
(840041, NULL, NULL, b'1', 'Бердыбаева ', NULL, NULL, 'Алия', NULL, 'Батыргалиевна', NULL),
(840043, NULL, NULL, b'0', 'Берканова', NULL, NULL, 'Улша', NULL, 'Сапиевна', NULL),
(840044, NULL, NULL, b'0', 'Бижанова', NULL, NULL, 'Куляш', NULL, 'Зейнуллаевна', NULL),
(840045, NULL, NULL, b'0', 'Бимырзаева', NULL, NULL, 'Жанар', NULL, 'Кабаковна', NULL),
(840046, NULL, NULL, b'1', 'Бисембаева', NULL, NULL, 'Гульмира', NULL, 'Сагинтаевна', NULL),
(840048, '2015-09-30', NULL, b'0', 'Бушева', NULL, NULL, 'Валентина', NULL, 'Васильевна', NULL),
(840049, NULL, NULL, b'0', 'Валиева', NULL, NULL, 'Мария', NULL, 'Ершатовна', NULL),
(840050, NULL, NULL, b'0', 'Воеводин', NULL, NULL, 'Юрий', NULL, 'Владимирович', NULL),
(840051, '2015-08-19', NULL, b'0', 'Голубева', NULL, NULL, 'Наталья', NULL, 'Евгеньевна', NULL),
(840053, NULL, NULL, b'1', 'Горбаченко', NULL, NULL, 'Александр', NULL, 'Степанович', NULL),
(840057, NULL, NULL, b'0', 'Дарбузов', NULL, NULL, 'Орынтай', NULL, 'Кабиевич', NULL),
(840058, NULL, NULL, b'0', 'Дарбузова', NULL, NULL, 'Райхан', NULL, 'Абдрахманова', NULL),
(840059, NULL, NULL, b'0', 'Даулетбаева', NULL, NULL, 'Балшекер', NULL, 'Сатибаевна', NULL),
(840060, NULL, NULL, b'0', 'Даутова', NULL, NULL, 'Жания', NULL, 'Саиновна', NULL),
(840061, NULL, NULL, b'0', 'Даутова', NULL, NULL, 'Роза', NULL, 'Джапаровна', NULL),
(840062, NULL, NULL, b'0', 'Джаркимбаев', NULL, NULL, 'Дохтурбай', NULL, 'Карыпаевич', NULL),
(840063, '2015-09-30', NULL, b'0', 'Джумаев', NULL, NULL, 'Хасанбай', NULL, 'Юлдашевич', NULL),
(840065, NULL, NULL, b'0', 'Достанкулова', NULL, NULL, 'Саржан', NULL, 'Жумабаевна', NULL),
(840067, NULL, NULL, b'0', 'Дуйсекова', NULL, NULL, 'Сауле', NULL, 'Каримбердыкызы', NULL),
(840068, NULL, NULL, b'1', 'Евдокимова', NULL, NULL, 'Ирина', NULL, 'Григорьевна', NULL),
(840069, NULL, NULL, b'0', 'Евстратова', NULL, NULL, 'Людмила', NULL, 'Федоровна', NULL),
(840072, NULL, NULL, b'1', 'Ермеков', NULL, NULL, 'Руслан', NULL, 'Жакипович', NULL),
(840074, NULL, NULL, b'0', 'Есилова', NULL, NULL, 'Роза', NULL, 'Егизбаевна', NULL),
(840075, '2015-06-22', NULL, b'0', 'Есиркепов', NULL, NULL, 'Серик', NULL, 'Онгарович', NULL),
(840076, NULL, NULL, b'0', 'Есмагамбетова', NULL, NULL, 'Рсалды', NULL, 'Кобылановна', NULL),
(840077, NULL, NULL, b'0', 'Ефремов', NULL, NULL, 'Вячеслав', NULL, 'Геннадьевич', NULL),
(840079, NULL, NULL, b'0', 'Жакып', NULL, NULL, 'Сымбат', NULL, 'Мухиядинкызы', NULL),
(840080, NULL, NULL, b'1', 'Жолдибаев', NULL, NULL, 'Суиеужан', NULL, 'Кудайбергенович', NULL),
(840081, NULL, NULL, b'0', 'Жанабаев', NULL, NULL, 'Болатбек', NULL, 'Комбарович', NULL),
(840082, NULL, NULL, b'0', 'Жанкуатова', NULL, NULL, 'Багдагул', NULL, 'Мухитовна', NULL),
(840083, NULL, NULL, b'0', 'Жиркова', NULL, NULL, 'Галина', NULL, 'Алексеевна', NULL),
(840084, NULL, NULL, b'0', 'Жетелгенова', NULL, NULL, 'Жамиля', NULL, 'Нарзильдаевна', NULL),
(840085, NULL, NULL, b'0', 'Гаранина', NULL, NULL, 'Ирина', NULL, 'Брониславовна', NULL),
(840086, '2015-09-30', NULL, b'0', 'Жумаев', NULL, NULL, 'Серахмет', NULL, 'Жумалиевич', NULL),
(840089, NULL, NULL, b'0', 'Зенкова', NULL, NULL, 'Ольга', NULL, 'Владимировна', NULL),
(840090, '2014-04-08', NULL, b'0', 'Зубова', NULL, NULL, 'Елена', NULL, 'Николаевна', NULL),
(840091, NULL, NULL, b'0', 'Ибрагимов', NULL, NULL, 'Руслан', NULL, 'Фазлиддинович', NULL),
(840092, NULL, NULL, b'1', 'Ибрагимов', NULL, NULL, 'Фазлиддин', NULL, 'Каноатович', NULL),
(840094, '2015-12-31', NULL, b'0', 'Ивочкин', NULL, NULL, 'Юрий', NULL, 'Иванович', NULL),
(840095, NULL, NULL, b'0', 'Игенбаев', NULL, NULL, 'Ержан', NULL, 'Куандыкович', NULL),
(840096, NULL, NULL, b'0', 'Битенова', NULL, NULL, 'Куралай', NULL, 'Олжабаевна', NULL),
(840097, NULL, NULL, b'1', 'Ильютченко', NULL, NULL, 'Елена', NULL, 'Ивановна', NULL),
(840098, NULL, NULL, b'0', 'Ильясова', NULL, NULL, 'Марта', NULL, 'Еркиновна', NULL),
(840099, NULL, NULL, b'0', 'Исагалиева', NULL, NULL, 'Жанна', NULL, 'Нугуметовна', NULL),
(840100, NULL, NULL, b'0', 'Исаев', NULL, NULL, 'Турганбай', NULL, 'Исаевич', NULL),
(840101, NULL, NULL, b'0', 'Исалдаев', NULL, NULL, 'Таскинбай', NULL, 'Жубанишбаевич', NULL),
(840102, '2015-07-17', NULL, b'0', 'Кабденова', NULL, NULL, 'Жанар', NULL, 'Жанузаковна', NULL),
(840104, NULL, NULL, b'1', 'Каган', NULL, NULL, 'Ольга', NULL, 'Владимировна', NULL),
(840105, NULL, NULL, b'0', 'Камиев', NULL, NULL, 'Бактыбай', NULL, 'Камзаевич', NULL),
(840106, '2016-05-06', NULL, b'0', 'Каналиева', NULL, NULL, 'Асем', NULL, 'Багнесовна', NULL),
(840108, NULL, NULL, b'0', 'Карасаева', NULL, NULL, 'Гульжахан', NULL, 'Жулмурзаевна', NULL),
(840109, NULL, NULL, b'0', 'Карибаев', NULL, NULL, 'Ондасын', NULL, 'Алжанович', NULL),
(840110, NULL, NULL, b'0', 'Каскеева', NULL, NULL, 'Гульжан', NULL, 'Алишеровна', NULL),
(840112, '2015-05-12', NULL, b'0', 'Кирпатовская', NULL, NULL, 'Юлия', NULL, 'Евгеньевна', NULL),
(840113, NULL, NULL, b'0', 'Кожакова ', NULL, NULL, 'Гульнар', NULL, 'Ахметовна', NULL),
(840114, NULL, NULL, b'0', 'Кожанова', NULL, NULL, 'Гулмира', NULL, 'Утегеновна', NULL),
(840115, NULL, NULL, b'0', 'Колосова', NULL, NULL, 'Яна', NULL, 'Владимировна', NULL),
(840116, NULL, NULL, b'0', 'Коптилеуова', NULL, NULL, 'Лаззат', NULL, 'Абилбековна', NULL),
(840117, '2015-12-31', NULL, b'0', 'Королева', NULL, NULL, 'Елена', NULL, 'Алексеевна', NULL),
(840118, '2014-06-18', NULL, b'0', 'Кудашов', NULL, NULL, 'Сергей', NULL, 'Викторович', NULL),
(840120, NULL, NULL, b'0', 'Кудрякова', NULL, NULL, 'Зульфия', NULL, 'Ибрагимовна', NULL),
(840121, NULL, NULL, b'0', 'Кудряшов', NULL, NULL, 'Александр', NULL, 'Александрович', NULL),
(840122, '2014-06-30', NULL, b'0', 'Куличенко', NULL, NULL, 'Степан', NULL, 'Николаевич', NULL),
(840123, NULL, NULL, b'0', 'Кулмамбетова', NULL, NULL, 'Кункияш', NULL, 'Жаксыбаевна', NULL),
(840125, NULL, NULL, b'0', 'Шаповал (Курманбаева)', NULL, NULL, 'Гулденген', NULL, 'Ктабияевна', NULL),
(840126, NULL, NULL, b'0', 'Кушекова', NULL, NULL, 'Айнур', NULL, 'Мергенбаевна', NULL),
(840127, NULL, NULL, b'0', 'Ланина', NULL, NULL, 'Нинель', NULL, 'Витальевна', NULL),
(840128, NULL, NULL, b'0', 'Латыпова', NULL, NULL, 'Залия', NULL, 'Темиргалиевна', NULL),
(840129, NULL, NULL, b'0', 'Левицкая', NULL, NULL, 'Оксана', NULL, 'Анатольевна', NULL),
(840130, NULL, NULL, b'0', 'Лозовая', NULL, NULL, 'Галина', NULL, 'Евгеньевна', NULL),
(840131, '2015-04-30', NULL, b'0', 'Лохмачева', NULL, NULL, 'Елена', NULL, 'Михайловна', NULL),
(840132, NULL, NULL, b'0', 'Малянова', NULL, NULL, 'Людмила', NULL, 'Борисовна', NULL),
(840133, NULL, NULL, b'0', 'Мардиев', NULL, NULL, 'Миляз', NULL, 'Мурадинович', NULL),
(840135, '2013-08-30', NULL, b'0', 'Маханбетова', NULL, NULL, 'Жумакуль', NULL, 'Каримхановна', NULL),
(840136, NULL, NULL, b'0', 'Маханьков', NULL, NULL, 'Андрей', NULL, 'Юрьевич', NULL),
(840139, NULL, NULL, b'0', 'Милаева', NULL, NULL, 'Мария', NULL, 'Матвеевна', NULL),
(840140, '2015-04-28', NULL, b'0', 'Молдагалиева', NULL, NULL, 'Карлыгаш', NULL, 'Сайновна', NULL),
(840141, NULL, NULL, b'0', 'Муратов', NULL, NULL, 'Темирхан', NULL, 'Абдумуталапович', NULL),
(840142, NULL, NULL, b'0', 'Муратова', NULL, NULL, 'Кунзира', NULL, 'Бисенгалиевна', NULL),
(840143, NULL, NULL, b'0', 'Мурзасова', NULL, NULL, 'Елена', NULL, 'Амирхановна', NULL),
(840144, NULL, NULL, b'0', 'Мусаева ', NULL, NULL, 'Айжан ', NULL, 'Маратовна', NULL),
(840145, NULL, NULL, b'0', 'Мустафаева', NULL, NULL, 'Зауре', NULL, 'Умурзаковна', NULL),
(840146, NULL, NULL, b'0', 'Мустафаева', NULL, NULL, 'Кулсим', NULL, 'Умурзаковна', NULL),
(840147, NULL, NULL, b'0', 'Муталиева', NULL, NULL, 'Калдыкыз', NULL, 'Базарбаевна', NULL),
(840148, NULL, NULL, b'0', 'Мутиев', NULL, NULL, 'Рустам', NULL, 'Гульалиевич', NULL),
(840149, NULL, NULL, b'0', 'Мысаева', NULL, NULL, 'Карлыгаш', NULL, 'Дастеновна', NULL),
(840150, NULL, NULL, b'0', 'Набатова', NULL, NULL, 'Набира', NULL, 'Нагашибаевна', NULL),
(840151, '2015-02-04', NULL, b'0', 'Набиев', NULL, NULL, 'Мавлюд', NULL, 'Садрадинович', NULL),
(840152, NULL, NULL, b'0', 'Наримбетова', NULL, NULL, 'Райкуль', NULL, 'Абдрахмановна', NULL),
(840153, NULL, NULL, b'0', 'Нурмаханова', NULL, NULL, 'Зияда', NULL, 'Николаевна', NULL),
(840154, '2015-09-23', NULL, b'0', 'Нуров', NULL, NULL, 'Карасай', NULL, 'Ердешевич', NULL),
(840155, '2015-07-15', NULL, b'0', 'Омаров', NULL, NULL, 'Абай', NULL, 'Абдуллаевич', NULL),
(840156, NULL, NULL, b'0', 'Омарова', NULL, NULL, 'Эльмира', NULL, 'Абдуллаевна', NULL),
(840158, NULL, NULL, b'0', 'Оралбаева', NULL, NULL, 'Улмаш', NULL, 'Оралбаевна', NULL),
(840161, NULL, NULL, b'0', 'Плешивых', NULL, NULL, 'Ольга', NULL, 'Николаевна', NULL),
(840162, NULL, NULL, b'0', 'Приймак', NULL, NULL, 'Игорь', NULL, 'Григорьевич', NULL),
(840163, '2015-08-18', NULL, b'0', 'Приходько', NULL, NULL, 'Виктория', NULL, 'Ивановна', NULL),
(840165, NULL, NULL, b'0', 'Прокурова', NULL, NULL, 'Екатерина', NULL, 'Юрьевна', NULL),
(840166, NULL, NULL, b'0', 'Прохина', NULL, NULL, 'Валентина', NULL, 'Петровна', NULL),
(840167, NULL, NULL, b'0', 'Рахманова', NULL, NULL, 'Любовь', NULL, 'Степановна', NULL),
(840168, NULL, NULL, b'0', 'Сагирова', NULL, NULL, 'Гульфия', NULL, 'Сагитовна', NULL),
(840169, '2014-09-30', NULL, b'0', 'Садвакасова', NULL, NULL, 'Айнур', NULL, 'Кенесовна', NULL),
(840170, NULL, NULL, b'0', 'Садирова', NULL, NULL, 'Мейрамгуль', NULL, 'Сакибековна', NULL),
(840171, NULL, NULL, b'0', 'Садыков', NULL, NULL, 'Рашид', NULL, 'Шагитович', NULL),
(840172, '2015-06-29', NULL, b'0', 'Салмурзаева', NULL, NULL, 'Гульбану', NULL, 'Сейлхановна', NULL),
(840173, NULL, NULL, b'0', 'Самаладинулы', NULL, NULL, 'Дулат', NULL, NULL, NULL),
(840174, '2015-08-27', NULL, b'0', 'Самарханова', NULL, NULL, 'Нургуль', NULL, 'Нагашибаевна', NULL),
(840177, '2015-03-31', NULL, b'0', 'Сапарбаев', NULL, NULL, 'Абдикамал', NULL, 'Абдижалиевич', NULL),
(840178, '2016-04-20', NULL, b'0', 'Жанаева', NULL, NULL, 'Жанар', NULL, 'Куангановна', NULL),
(840179, NULL, NULL, b'0', 'Сарвилина', NULL, NULL, 'Олеся', NULL, 'Николаевна', NULL),
(840180, '2014-07-18', NULL, b'0', 'Сарсенбаев', NULL, NULL, 'Рахат', NULL, 'Отепович', NULL),
(840183, NULL, NULL, b'0', 'Свитнев', NULL, NULL, 'Максим', NULL, 'Анатольевич', NULL),
(840184, NULL, NULL, b'0', 'Сералиева', NULL, NULL, 'Гульшат', NULL, 'Ибрагимовна', NULL),
(840185, NULL, NULL, b'0', 'Сижажева', NULL, NULL, 'Луиза', NULL, 'Хабиевна', NULL),
(840186, NULL, NULL, b'0', 'Сижажева', NULL, NULL, 'Равида', NULL, 'Бадиновна', NULL),
(840187, NULL, NULL, b'0', 'Синченко', NULL, NULL, 'Андрей', NULL, 'Анатольевич', NULL),
(840188, NULL, NULL, b'0', 'Скиц', NULL, NULL, 'Константин', NULL, 'Николаевич', NULL),
(840189, NULL, NULL, b'0', 'Скиц', NULL, NULL, 'Татьяна', NULL, 'Николаевна', NULL),
(840190, NULL, NULL, b'0', 'Смирнова', NULL, NULL, 'Тамара', NULL, 'Алексеевна', NULL),
(840191, NULL, NULL, b'0', 'Сулейманова', NULL, NULL, 'Куланда', NULL, 'Абсалиевна', NULL),
(840192, '2017-05-16', NULL, b'0', 'Султанов', NULL, NULL, 'Ибрахим', NULL, 'Юсупович', NULL),
(840193, NULL, NULL, b'0', 'Сулякова', NULL, NULL, 'Маргарита', NULL, 'Амирхановна', NULL),
(840195, NULL, NULL, b'0', 'Супрякова', NULL, NULL, 'Галина', NULL, 'Андреевна', NULL),
(840196, '2015-03-01', NULL, b'0', 'Суровикина', NULL, NULL, 'Луиза', NULL, 'Ивановна', NULL),
(840197, NULL, NULL, b'0', 'Суханбердина', NULL, NULL, 'Ольга', NULL, 'Николаевна', NULL),
(840198, NULL, NULL, b'0', 'Сыланов', NULL, NULL, 'Амитбек', NULL, 'Каримович', NULL),
(840199, NULL, NULL, b'0', 'Тажимбетова', NULL, NULL, 'Айнур', NULL, 'Умбетовна', NULL),
(840201, '2015-04-30', NULL, b'0', 'Таумбаева', NULL, NULL, 'Дина', NULL, 'Бермахановна', NULL),
(840202, NULL, NULL, b'0', 'Тенизбаев', NULL, NULL, 'Оразалы', NULL, 'Нурлыбекович', NULL),
(840203, '2014-06-20', NULL, b'0', 'Тимошичева', NULL, NULL, 'Лариса', NULL, 'Евгеньевна', NULL),
(840204, NULL, NULL, b'0', 'Тлеубаева', NULL, NULL, 'Бакиткуль', NULL, 'Пауеновна', NULL),
(840205, NULL, NULL, b'0', 'Тукмаганбетова', NULL, NULL, 'Гульнар', NULL, 'Муратбаевна', NULL),
(840206, NULL, NULL, b'0', 'Тульбасиева', NULL, NULL, 'Алтынай', NULL, 'Талгатовна', NULL),
(840207, NULL, NULL, b'0', 'Уразова', NULL, NULL, 'Мадина', NULL, 'Самуратовна', NULL),
(840208, NULL, NULL, b'0', 'Уразымбетова', NULL, NULL, 'Мира', NULL, 'Кенесовна', NULL),
(840209, '2014-03-14', NULL, b'0', 'Усенова', NULL, NULL, 'Гулнар', NULL, 'Жаксылыккызы', NULL),
(840210, NULL, NULL, b'0', 'Успанова', NULL, NULL, 'Карлыгаш', NULL, 'Кемаловна', NULL),
(840212, NULL, NULL, b'0', 'Федорова', NULL, NULL, 'Галина', NULL, 'Альбертовна', NULL),
(840213, '2015-11-02', NULL, b'0', 'Хлопотина', NULL, NULL, 'Снежана', NULL, 'Леонидовна', NULL),
(840214, NULL, NULL, b'0', 'Черненко', NULL, NULL, 'Лариса', NULL, 'Викторовна', NULL),
(840215, NULL, NULL, b'0', 'Шагирбаева', NULL, NULL, 'Сандугаш', NULL, 'Сергазиевна', NULL),
(840216, '2015-10-16', NULL, b'0', 'Ше', NULL, NULL, 'Ирина', NULL, 'Анатольевна', NULL),
(840217, NULL, NULL, b'0', 'Шелудько', NULL, NULL, 'Павел', NULL, 'Сергеевич', NULL),
(840218, NULL, NULL, b'0', 'Ширяева ', NULL, NULL, 'Екатерина', NULL, 'Викторовна', NULL),
(840219, NULL, NULL, b'0', 'Эйбов', NULL, NULL, 'Салим', NULL, 'Камалович', NULL),
(840220, '2015-09-13', NULL, b'0', 'Юсупова', NULL, NULL, 'Мадина', NULL, 'Амангельдиевна', NULL),
(840222, NULL, NULL, b'1', 'Авдонина', NULL, NULL, 'Наталья', NULL, 'Викторовна', NULL),
(840223, NULL, NULL, b'0', 'Адилова', NULL, NULL, 'Бекзада', NULL, 'Химановна', NULL),
(840224, NULL, NULL, b'0', 'Ахметова', NULL, NULL, 'Мархабат', NULL, 'Шынболатовна', NULL),
(840225, '2015-05-20', NULL, b'0', 'Бактыбергенов', NULL, NULL, 'Абайбек', NULL, 'Карасаевич', NULL),
(840226, NULL, NULL, b'1', 'Бекниязова', NULL, NULL, 'Гульжан', NULL, 'Кабаковна', NULL),
(840227, NULL, NULL, b'0', 'Богатырев', NULL, NULL, 'Николай', NULL, 'Демидович', NULL),
(840229, '2014-09-12', NULL, b'0', 'Дудченко', NULL, NULL, 'Тамара', NULL, 'Александровна', NULL),
(840230, NULL, NULL, b'1', 'Дусанов', NULL, NULL, 'Сабит', NULL, 'Турсинович', NULL),
(840231, NULL, NULL, b'0', 'Дюсенова', NULL, NULL, 'Оксана', NULL, 'Ханаткалиевна', NULL),
(840232, NULL, NULL, b'1', 'Ефремова', NULL, NULL, 'Людмила', NULL, 'Александровна', NULL),
(840233, '2012-04-26', NULL, b'0', 'Заозерский', NULL, NULL, 'Сергей', NULL, 'Александрович', NULL),
(840234, NULL, NULL, b'0', 'Калашник', NULL, NULL, 'Юрий', NULL, 'Иванович', NULL),
(840235, '2014-08-11', NULL, b'0', 'Канатов', NULL, NULL, 'Амангельды', NULL, 'Куантканович', NULL),
(840236, NULL, NULL, b'1', 'Ключникова', NULL, NULL, 'Наталья', NULL, 'Ивановна', NULL),
(840237, NULL, NULL, b'0', 'Костенко', NULL, NULL, 'Шолпан', NULL, 'Мусаевна', NULL),
(840238, NULL, NULL, b'0', 'Кубеева', NULL, NULL, 'Зауре', NULL, 'Молдабеккызы', NULL),
(840239, NULL, NULL, b'1', 'Курангазиев', NULL, NULL, 'Арман', NULL, 'Туктарович', NULL),
(840240, NULL, NULL, b'0', 'Курманалиева', NULL, NULL, 'Гулзира', NULL, 'Тогановна', NULL),
(840241, NULL, NULL, b'0', 'Кусанова', NULL, NULL, 'Зайра', NULL, 'Шахмуратовна', NULL),
(840243, '2011-11-14', NULL, b'0', 'Махкамова', NULL, NULL, 'Санобар', NULL, 'Азамовна', NULL),
(840244, NULL, NULL, b'0', 'Мугинисов', NULL, NULL, 'Марат', NULL, 'Казыбаевич', NULL),
(840245, NULL, NULL, b'0', 'Николайчук', NULL, NULL, 'Светлана', NULL, 'Николаевна', NULL),
(840246, NULL, NULL, b'0', 'Нурпейсова', NULL, NULL, 'Акбота', NULL, 'Рудаиновна', NULL),
(840247, NULL, NULL, b'0', 'Карнаухова', NULL, NULL, 'Маргарита', NULL, 'Павловна', NULL),
(840249, '2015-08-06', NULL, b'0', 'Пименов', NULL, NULL, 'Игорь', NULL, 'Анатольевич', NULL),
(840250, '2015-05-29', NULL, b'0', 'Рахметалиев', NULL, NULL, 'Руслан', NULL, 'Тулегенович', NULL),
(840252, NULL, NULL, b'0', 'Тарасова', NULL, NULL, 'Светлана', NULL, 'Николаевна', NULL),
(840253, NULL, NULL, b'0', 'Темирбаев', NULL, NULL, 'Ермаганбет', NULL, NULL, NULL),
(840254, NULL, NULL, b'0', 'Трубчанинова', NULL, NULL, 'Надежда', NULL, 'Константиновна', NULL),
(840255, NULL, NULL, b'0', 'Усерова', NULL, NULL, 'Элионора', NULL, 'Ибрагимовна', NULL),
(840257, NULL, NULL, b'0', 'Хон', NULL, NULL, 'Владимир', NULL, 'Владимирович', NULL),
(840258, NULL, NULL, b'0', 'Шадчнева( Хионидис)', NULL, NULL, 'Ольга', NULL, 'Николаевна', NULL),
(840259, NULL, NULL, b'0', 'Жангаскаева', NULL, NULL, 'Мариямкуль', NULL, NULL, NULL),
(840260, NULL, NULL, b'0', 'Коренченко', NULL, NULL, 'Яна', NULL, 'Викторовна', NULL),
(840262, '2013-10-22', NULL, b'0', 'Ломовцева', NULL, NULL, 'Татьяна', NULL, 'Васильевна', NULL),
(840263, NULL, NULL, b'0', 'Мусаева', NULL, NULL, 'Сулупал', NULL, 'Кожаевна', NULL),
(840264, NULL, NULL, b'0', 'Рахимов', NULL, NULL, 'Хамид', NULL, NULL, NULL),
(840265, NULL, NULL, b'0', 'Абибов', NULL, NULL, 'Руслан', NULL, 'Османович', NULL),
(840267, '2014-12-31', NULL, b'0', 'Булдакова', NULL, NULL, 'Юлия', NULL, 'Юрьевна', NULL),
(840268, NULL, NULL, b'0', 'Джанобилова', NULL, NULL, 'Мохира', NULL, NULL, NULL),
(840269, NULL, NULL, b'0', 'Муртазин', NULL, NULL, 'Ринат', NULL, 'Анвярович', NULL),
(840271, NULL, NULL, b'0', 'Тиышбаев', NULL, NULL, 'Берекет', NULL, 'Кожалепесович', NULL),
(840272, NULL, NULL, b'0', 'Садиров', NULL, NULL, 'Нурадин', NULL, 'Садирович', NULL),
(840273, NULL, NULL, b'0', 'Бабашов', NULL, NULL, 'Алибек', NULL, 'Темирович', NULL),
(840274, '2015-06-29', NULL, b'0', 'Сайдуллаев', NULL, NULL, 'Даурен', NULL, 'Куанышович', NULL),
(840275, '2012-08-24', NULL, b'0', 'Сиразетдинова ', NULL, NULL, 'Фарида', NULL, 'Афратовна', NULL),
(840276, NULL, NULL, b'1', 'Байрамов', NULL, NULL, 'Ильдар', NULL, 'Ахнярович', NULL),
(840277, NULL, NULL, b'0', 'Сыдыкова', NULL, NULL, 'Гульнара', NULL, 'Жарылкасиновна', NULL),
(840278, '2016-06-06', NULL, b'0', 'Барыбина', NULL, NULL, 'Тамила', NULL, 'Владимировна', NULL),
(840279, NULL, NULL, b'0', 'Урмантаева', NULL, NULL, 'Нурбану', NULL, 'Едиловна', NULL),
(840280, NULL, NULL, b'0', 'Токеева', NULL, NULL, 'Асел', NULL, 'Кундебаевна', NULL),
(840281, NULL, NULL, b'0', 'Сахимова ', NULL, NULL, 'Айнагуль', NULL, 'Асилбековна', NULL),
(840282, NULL, NULL, b'1', 'Журжанова', NULL, NULL, 'Динара', NULL, 'Даутовна', NULL),
(840283, NULL, NULL, b'0', 'Лебедева', NULL, NULL, 'Валентина ', NULL, 'Павловна', NULL),
(840284, NULL, NULL, b'1', 'Ергалиева', NULL, NULL, 'Жанар', NULL, 'Кенжебековна', NULL),
(840285, '2016-04-29', NULL, b'0', 'Жакупов', NULL, NULL, 'Даурен', NULL, 'Жасаганбергенович', NULL),
(840286, NULL, NULL, b'0', 'Балдакова', NULL, NULL, 'Гулназ', NULL, 'Нуркасимовна', NULL),
(840287, NULL, NULL, b'0', 'Абдумажитов', NULL, NULL, 'Дильнур', NULL, 'Алимханович', NULL),
(840288, '2015-12-31', NULL, b'0', 'Ескалиева', NULL, NULL, 'Лаззат', NULL, 'Амангельдикызы', NULL),
(840289, NULL, NULL, b'0', 'Белкина', NULL, NULL, 'Екатерина', NULL, 'Игоревна', NULL),
(840290, NULL, NULL, b'0', 'Калмасова', NULL, NULL, 'Гульмира', NULL, 'Уралбековна', NULL),
(840292, NULL, NULL, b'0', 'Утепбергенова', NULL, NULL, 'Алтыншаш', NULL, 'Кунекеевна', NULL),
(840293, '2015-05-12', NULL, b'0', 'Дабылова', NULL, NULL, 'Дана', NULL, 'Аманжоловна', NULL),
(840294, NULL, NULL, b'0', 'Амантаева', NULL, NULL, 'Камила', NULL, 'Мейримхановна', NULL),
(840295, NULL, NULL, b'0', 'Жураева', NULL, NULL, 'Гульбегим', NULL, 'Махсутовна', NULL),
(840296, NULL, NULL, b'0', 'Михайлова', NULL, NULL, 'Ольга', NULL, 'Юрьевна', NULL),
(840297, NULL, NULL, b'0', 'Байспаев', NULL, NULL, 'Кенесары', NULL, 'Айтуганович', NULL),
(840298, NULL, NULL, b'0', 'Танабергенов', NULL, NULL, 'Сисенгалий', NULL, 'Сисебаевич', NULL),
(840299, '2013-12-19', NULL, b'0', 'Джумабаев', NULL, NULL, 'Мухтар', NULL, 'Султанбекович', NULL),
(840300, '2013-10-31', NULL, b'0', 'Лоншакова', NULL, NULL, 'Людмила', NULL, 'Михайловна', NULL),
(840301, NULL, NULL, b'0', 'Амурзакова', NULL, NULL, 'Молдир', NULL, 'Мухтаровна', NULL),
(840302, NULL, NULL, b'0', 'Романовская', NULL, NULL, 'Елена', NULL, 'Викторовна', NULL),
(840303, NULL, NULL, b'0', 'Власова', NULL, NULL, 'Виктория', NULL, 'Александровна', NULL),
(840304, NULL, NULL, b'0', 'Фатхиев', NULL, NULL, 'Марат', NULL, 'Венирович', NULL),
(840305, NULL, NULL, b'0', 'Маргиева', NULL, NULL, 'Анна', NULL, 'Бадриевна', NULL),
(840306, NULL, NULL, b'1', 'Бойкова', NULL, NULL, 'Галина', NULL, 'Андреевна', NULL),
(840307, '2015-01-20', NULL, b'0', 'Абдыкаликова', NULL, NULL, 'Гулшара', NULL, 'Кенесовна', NULL),
(840308, NULL, NULL, b'0', 'Алимов', NULL, NULL, 'Нурбол', NULL, 'Инкарович', NULL),
(840309, '2016-04-06', NULL, b'0', 'Сарвилин', NULL, NULL, 'Александр', NULL, 'Владимирович', NULL),
(840310, '2015-10-09', NULL, b'0', 'Власова', NULL, NULL, 'Наталья', NULL, 'Викторовна', NULL),
(840311, '2015-06-29', NULL, b'0', 'Лайкова', NULL, NULL, 'Салтанат', NULL, 'Белесовна', NULL),
(840312, NULL, NULL, b'0', 'Милаев', NULL, NULL, 'Виктор', NULL, 'Викторович', NULL),
(840313, NULL, NULL, b'0', 'Мустафаева', NULL, NULL, 'Рамиса', NULL, 'Дастанбекова', NULL),
(840314, NULL, NULL, b'0', 'Актанова', NULL, NULL, 'Гульжанат', NULL, 'Сагындыковна', NULL),
(840315, NULL, NULL, b'0', 'Измаханова', NULL, NULL, 'Гульжахан', NULL, 'Исматуллаевна', NULL),
(840316, NULL, NULL, b'0', 'Исаев ', NULL, NULL, 'Куаныш', NULL, 'Амандыкович', NULL),
(840317, NULL, NULL, b'0', 'Карымсакова', NULL, NULL, 'Гулмира', NULL, 'Утебаевна', NULL),
(840318, NULL, NULL, b'0', 'Клышбаев', NULL, NULL, 'Кайрула', NULL, 'Жаксылыкович', NULL),
(840319, NULL, NULL, b'0', 'Кожаков', NULL, NULL, 'Кемаладин', NULL, NULL, NULL),
(840320, NULL, NULL, b'0', 'Сартаева', NULL, NULL, 'Злиха', NULL, 'Сейтагзимовна', NULL),
(840321, NULL, NULL, b'0', 'Силкина ', NULL, NULL, 'Елена', NULL, 'Михайловна', NULL),
(840322, NULL, NULL, b'0', 'Тлеукабыловна', NULL, NULL, 'Гулнар', NULL, 'Сагабаевна', NULL),
(840323, NULL, NULL, b'0', 'Шеримбетова', NULL, NULL, 'Мейрамкуль', NULL, 'Ербосиновна', NULL),
(840324, NULL, NULL, b'1', 'Абдреймов ', NULL, NULL, 'Мейржан ', NULL, 'Жайлаубаевич', NULL),
(840325, NULL, NULL, b'1', 'Абдукаримова  ', NULL, NULL, 'Улзада ', NULL, 'Кенжебековна ', NULL),
(840326, NULL, NULL, b'1', 'Абишаева ', NULL, NULL, 'Жанат ', NULL, 'Аристанбековна', NULL),
(840327, NULL, NULL, b'1', 'Абужанова ', NULL, NULL, 'Жамал ', NULL, 'Бурхановна', NULL),
(840328, NULL, NULL, b'1', 'Ажимова  ', NULL, NULL, 'Гульнар ', NULL, 'Раманкуловна', NULL),
(840329, NULL, NULL, b'1', 'Айдильдаева ', NULL, NULL, 'Улбосын ', NULL, 'Жолмырзаевна  ', NULL),
(840330, NULL, NULL, b'1', 'Алпысбаев ', NULL, NULL, 'Сабит ', NULL, 'Жангелдиевич', NULL),
(840331, NULL, NULL, b'1', 'Аргимбаева ', NULL, NULL, 'Гульмира ', NULL, 'Сериковна', NULL),
(840332, NULL, NULL, b'1', 'Байгельдиена ', NULL, NULL, 'Айнагуль ', NULL, 'Мусаевна ', NULL),
(840333, NULL, NULL, b'1', 'Биманова  ', NULL, NULL, 'Райымкул ', NULL, 'Изимгалиевна', NULL),
(840334, NULL, NULL, b'1', 'Бисембаева ', NULL, NULL, 'Асем ', NULL, 'Маратовна ', NULL),
(840335, NULL, NULL, b'1', 'Бисенбаева ', NULL, NULL, 'Перизат ', NULL, 'Асатуллаевна', NULL),
(840336, NULL, NULL, b'1', 'Бисенов ', NULL, NULL, 'Кайратбек ', NULL, 'Аманкелдиевич', NULL),
(840337, NULL, NULL, b'1', 'Даржанова ', NULL, NULL, 'Жаннур ', NULL, 'Абрахмановна ', NULL),
(840338, NULL, NULL, b'1', 'Даригулова ', NULL, NULL, 'Лиман ', NULL, 'Жубаткановна ', NULL),
(840339, NULL, NULL, b'1', 'Дембаева ', NULL, NULL, 'Манат ', NULL, 'Ануарбековна', NULL),
(840340, NULL, NULL, b'1', 'Дуйсенбаева ', NULL, NULL, 'Гульнара ', NULL, 'Бугенбаевна ', NULL),
(840341, NULL, NULL, b'1', 'Жалмаханов ', NULL, NULL, 'Канат ', NULL, 'Берикович ', NULL),
(840342, NULL, NULL, b'1', 'Жусупбаева ', NULL, NULL, 'Гульнар ', NULL, 'Ералиевна ', NULL),
(840343, '2015-02-10', NULL, b'1', 'Зубаирова ', NULL, NULL, 'Эльвира ', NULL, 'Ильдаровна ', NULL),
(840344, NULL, NULL, b'1', 'Искакова ', NULL, NULL, 'Сауле ', NULL, 'Базарбаевна ', NULL),
(840345, NULL, NULL, b'1', 'Калдыгулова ', NULL, NULL, 'Меруерт ', NULL, 'Магазовна', NULL),
(840346, NULL, NULL, b'1', 'Калиева ', NULL, NULL, 'Багдагуль ', NULL, 'Кайрадиновна ', NULL),
(840347, NULL, NULL, b'1', 'Калыбеков ', NULL, NULL, 'Ерсайын ', NULL, 'Адилбекович', NULL),
(840348, NULL, NULL, b'1', 'Каримсакова ', NULL, NULL, 'Гульнур ', NULL, 'Акниетовна ', NULL),
(840349, NULL, NULL, b'1', 'Кеулжаева ', NULL, NULL, 'Фариза ', NULL, 'Кайсарбековна', NULL),
(840350, '2014-04-28', NULL, b'1', 'Кириченко ', NULL, NULL, 'Лилия ', NULL, 'Михайловна', NULL),
(840351, NULL, NULL, b'1', 'Китаева ', NULL, NULL, 'Галина ', NULL, 'Орынбаевна', NULL),
(840352, NULL, NULL, b'1', 'Ли ', NULL, NULL, 'Анатолий ', NULL, NULL, NULL),
(840353, NULL, NULL, b'1', 'Ниязбаева ', NULL, NULL, 'Айгул ', NULL, 'Турыбетовна ', NULL),
(840354, NULL, NULL, b'1', 'Ниязбаева', NULL, NULL, 'Айгул', NULL, 'Турымбетовна', NULL),
(840355, NULL, NULL, b'1', 'Нурмагамбетов ', NULL, NULL, 'Сабит ', NULL, 'Кулпыбаевич', NULL),
(840356, NULL, NULL, b'1', 'Рюмшина ', NULL, NULL, 'Наталья ', NULL, 'Васильевна ', NULL),
(840357, NULL, NULL, b'1', 'Сейлбаева ', NULL, NULL, 'Мейрамкул ', NULL, 'Курмановна', NULL),
(840358, NULL, NULL, b'1', 'Сералиева ', NULL, NULL, 'Куляй ', NULL, 'Ибрагимовна ', NULL),
(840359, NULL, NULL, b'1', 'Тасбауов ', NULL, NULL, 'Бауыржан ', NULL, 'Жусупович ', NULL),
(840360, '2014-02-28', NULL, b'1', 'Тойбазаров ', NULL, NULL, 'Оспан ', NULL, 'Отарбаевич', NULL),
(840361, '2015-04-02', NULL, b'1', 'Тулегенова ', NULL, NULL, 'Анаргуль ', NULL, 'Талеуовна ', NULL),
(840362, NULL, NULL, b'1', 'Туменбаев ', NULL, NULL, 'Аскат ', NULL, 'Амирханович ', NULL),
(840363, '2015-04-23', NULL, b'1', 'Фадина ', NULL, NULL, 'Татьяна ', NULL, 'Михайловна', NULL),
(840364, NULL, NULL, b'1', 'Шамсутдинова ', NULL, NULL, 'Альбина ', NULL, 'Рашитовна ', NULL),
(840365, NULL, NULL, b'1', 'Аубакиров ', NULL, NULL, 'Жамбулбек ', NULL, 'Жемисбекович ', NULL),
(840366, NULL, NULL, b'1', 'Арыстанбекова ', NULL, NULL, 'Асылгуль ', NULL, 'Махмутовна ', NULL),
(840367, NULL, NULL, b'1', 'Жаканова ', NULL, NULL, 'Шынар', NULL, 'Каракесековна', NULL),
(840368, NULL, NULL, b'1', 'Мухишева', NULL, NULL, 'Багила', NULL, 'Жумабековна', NULL),
(840369, NULL, NULL, b'0', 'Алжанов', NULL, NULL, 'Даулет', NULL, 'Саматович', NULL),
(840370, '2015-09-30', NULL, b'0', 'Абдикерова', NULL, NULL, 'Ботакуз', NULL, 'Абтикерова', NULL),
(840371, '2015-01-30', NULL, b'0', 'Ларин', NULL, NULL, 'Валерий', NULL, 'Сергеевич', NULL),
(840372, NULL, NULL, b'1', 'Аникушина', NULL, NULL, 'Лидия', NULL, 'Григорьевна', NULL),
(840373, NULL, NULL, b'1', 'Кожаева', NULL, NULL, 'Айгерим', NULL, 'Болатбековна', NULL),
(840374, NULL, NULL, b'0', 'Матыбаева', NULL, NULL, 'Саулеш', NULL, 'Жаксыбаевна', NULL),
(840375, NULL, NULL, b'0', 'Канжигитова', NULL, NULL, 'Жамила', NULL, 'Жорабайевна', NULL),
(840376, '2015-06-19', NULL, b'0', 'Утепов', NULL, NULL, 'Марат', NULL, 'Дамирович', NULL),
(840377, NULL, NULL, b'0', 'Торопова', NULL, NULL, 'Есения', NULL, 'Александровна', NULL),
(840378, NULL, NULL, b'0', 'Бутковская', NULL, NULL, 'Виталия', NULL, 'Геннадиевна', NULL),
(840379, NULL, NULL, b'0', 'Негатуров', NULL, NULL, 'Олег', NULL, 'Николаевич', NULL),
(840380, NULL, NULL, b'0', 'Ауесбаева', NULL, NULL, 'Зулхие', NULL, 'Орынтаевна', NULL),
(840381, NULL, NULL, b'0', 'Игембаева', NULL, NULL, 'Руза', NULL, NULL, NULL),
(840382, NULL, NULL, b'0', 'Абдикаликова', NULL, NULL, 'Гулшара', NULL, 'Кенесовна', NULL),
(840383, '2016-04-27', NULL, b'0', 'Джуванышев', NULL, NULL, 'Жанузак', NULL, 'Амангазыулы', NULL),
(840384, '2016-04-13', NULL, b'0', 'Алдабергенова', NULL, NULL, 'Гулхан', NULL, NULL, NULL),
(840385, NULL, NULL, b'0', 'Маханов', NULL, NULL, 'Жандос', NULL, 'Асылбекович', NULL),
(840386, NULL, NULL, b'0', 'Иванова', NULL, NULL, 'Татьяна', NULL, 'Ивановна', NULL),
(840387, NULL, NULL, b'0', 'Марченко', NULL, NULL, 'Ирина', NULL, 'Владимировна', NULL),
(840388, NULL, NULL, b'0', 'Малахов', NULL, NULL, 'Василий', NULL, 'Викторович', NULL),
(840389, NULL, NULL, b'0', 'Сабырылу', NULL, NULL, 'Дастан', NULL, NULL, NULL),
(840390, NULL, NULL, b'0', 'Айгельдиева', NULL, NULL, 'Гульайым', NULL, 'Алтынбековна', NULL),
(840391, NULL, NULL, b'0', 'Цой', NULL, NULL, 'Игорь', NULL, 'Иннокентьевич', NULL),
(840392, NULL, NULL, b'0', 'Арызханова', NULL, NULL, 'Гулмира', NULL, 'Сериковна', NULL),
(840393, NULL, NULL, b'0', 'Туреханова', NULL, NULL, 'Салтанат', NULL, 'Темирхановна', NULL),
(840394, NULL, NULL, b'0', 'Жайлабина', NULL, NULL, 'Алтынай', NULL, 'Балмашевна', NULL),
(840395, NULL, NULL, b'0', 'Жаналыкова', NULL, NULL, 'Гулжан', NULL, 'Болатбеккызы', NULL);

-- --------------------------------------------------------

--
-- Структура таблицы `spisok_vrach_hist`
--

CREATE TABLE IF NOT EXISTS `spisok_vrach_hist` (
  `ID` int(11) NOT NULL,
  `DATE_RED` date DEFAULT NULL,
  `DATE_UV` date DEFAULT NULL,
  `DATE_VN` date DEFAULT NULL,
  `DOKT` bit(1) DEFAULT NULL,
  `FAM` varchar(255) COLLATE utf8_bin DEFAULT NULL,
  `ID_OTD` int(11) DEFAULT NULL,
  `ID_PODR` int(11) DEFAULT NULL,
  `IDDOKT` int(11) DEFAULT NULL,
  `IM` varchar(255) COLLATE utf8_bin DEFAULT NULL,
  `LPUKOD` int(11) DEFAULT NULL,
  `OT` varchar(255) COLLATE utf8_bin DEFAULT NULL,
  `PRVS` smallint(6) DEFAULT NULL
) ENGINE=InnoDB AUTO_INCREMENT=4 DEFAULT CHARSET=utf8 COLLATE=utf8_bin;

--
-- Дамп данных таблицы `spisok_vrach_hist`
--

INSERT INTO `spisok_vrach_hist` (`ID`, `DATE_RED`, `DATE_UV`, `DATE_VN`, `DOKT`, `FAM`, `ID_OTD`, `ID_PODR`, `IDDOKT`, `IM`, `LPUKOD`, `OT`, `PRVS`) VALUES
(1, NULL, NULL, NULL, b'0', 'Соколов', 1, NULL, 1, 'Олег', NULL, 'Геннадьевич', 10),
(2, NULL, NULL, NULL, b'0', 'Незнаю', 3, NULL, 3, 'Лимпопо', NULL, NULL, 16),
(3, NULL, NULL, NULL, b'0', 'Незнаю', 3, NULL, 3, 'Лимпопо', 99, NULL, 16);

--
-- Индексы сохранённых таблиц
--

--
-- Индексы таблицы `sertif`
--
ALTER TABLE `sertif`
  ADD PRIMARY KEY (`ID`),
  ADD KEY `FKj190bxourgdi8v4wsjbhfsldy` (`IDDOKT`),
  ADD KEY `FKfp242a64xkmneo8jhd6hsh6m3` (`PRVS`);

--
-- Индексы таблицы `sk_v015`
--
ALTER TABLE `sk_v015`
  ADD PRIMARY KEY (`RECID`);

--
-- Индексы таблицы `spisok_vrach`
--
ALTER TABLE `spisok_vrach`
  ADD PRIMARY KEY (`IDDOKT`),
  ADD KEY `FKrfjjjnwhfksihar6tuov7p77g` (`PRVS`);

--
-- Индексы таблицы `spisok_vrach_hist`
--
ALTER TABLE `spisok_vrach_hist`
  ADD PRIMARY KEY (`ID`),
  ADD KEY `FK5b2bf1bdsbcb4bedr4weqwlg1` (`PRVS`);

--
-- AUTO_INCREMENT для сохранённых таблиц
--

--
-- AUTO_INCREMENT для таблицы `sertif`
--
ALTER TABLE `sertif`
  MODIFY `ID` int(11) NOT NULL AUTO_INCREMENT,AUTO_INCREMENT=761;
--
-- AUTO_INCREMENT для таблицы `spisok_vrach_hist`
--
ALTER TABLE `spisok_vrach_hist`
  MODIFY `ID` int(11) NOT NULL AUTO_INCREMENT,AUTO_INCREMENT=4;
--
-- Ограничения внешнего ключа сохраненных таблиц
--

--
-- Ограничения внешнего ключа таблицы `sertif`
--
ALTER TABLE `sertif`
  ADD CONSTRAINT `FKfp242a64xkmneo8jhd6hsh6m3` FOREIGN KEY (`PRVS`) REFERENCES `sk_v015` (`RECID`),
  ADD CONSTRAINT `FKj190bxourgdi8v4wsjbhfsldy` FOREIGN KEY (`IDDOKT`) REFERENCES `spisok_vrach` (`IDDOKT`),
  ADD CONSTRAINT `FK_sertif_sk_v015_RECID` FOREIGN KEY (`PRVS`) REFERENCES `sk_v015` (`RECID`) ON DELETE NO ACTION ON UPDATE NO ACTION;

--
-- Ограничения внешнего ключа таблицы `spisok_vrach`
--
ALTER TABLE `spisok_vrach`
  ADD CONSTRAINT `FKrfjjjnwhfksihar6tuov7p77g` FOREIGN KEY (`PRVS`) REFERENCES `sk_v015` (`RECID`);

--
-- Ограничения внешнего ключа таблицы `spisok_vrach_hist`
--
ALTER TABLE `spisok_vrach_hist`
  ADD CONSTRAINT `FK5b2bf1bdsbcb4bedr4weqwlg1` FOREIGN KEY (`PRVS`) REFERENCES `sk_v015` (`RECID`);

/*!40101 SET CHARACTER_SET_CLIENT=@OLD_CHARACTER_SET_CLIENT */;
/*!40101 SET CHARACTER_SET_RESULTS=@OLD_CHARACTER_SET_RESULTS */;
/*!40101 SET COLLATION_CONNECTION=@OLD_COLLATION_CONNECTION */;
